カード名,収録商品,カードタイプ,カード番号,カード効果
エネルギー(無地),スタートデッキ ラブライブ！,エネルギー,LL-E-001-SD,効果なし
高坂 穂乃果,スタートデッキ ラブライブ！,メンバー,PL!-sd1-001-SD,自分の成功ライブカード置き場にカードが2枚以上ある場合、自分の控え室からライブカードを1枚手札に加える。\n自分の成功ライブカード置き場にあるカード1枚につき、を得る。
絢瀬 絵里,スタートデッキ ラブライブ！,メンバー,PL!-sd1-002-SD,このメンバーをステージから控え室に置く：自分の控え室からメンバーカードを1枚手札に加える。
南 ことり,スタートデッキ ラブライブ！,メンバー,PL!-sd1-003-SD,自分の控え室からコスト4以下の『μ's』のメンバーカードを1枚手札に加える。\n手札を1枚控え室に置いてもよい：かかのうち、1つを選ぶ。ライブ終了時まで、選んだハートを1つ得る。
園田 海未,スタートデッキ ラブライブ！,メンバー,PL!-sd1-004-SD,自分のデッキの上からカードを5枚見る。その中から『μ's』のライブカードを1枚公開して手札に加えてもよい。残りを控え室に置く。
星空 凛,スタートデッキ ラブライブ！,メンバー,PL!-sd1-005-SD,このメンバーをステージから控え室に置く：自分の控え室からライブカードを1枚手札に加える。
西木野 真姫,スタートデッキ ラブライブ！,メンバー,PL!-sd1-006-SD,手札のライブカードを1枚公開してもよい：自分の成功ライブカード置き場にあるカードを1枚手札に加える。そうした場合、これにより公開したカードを自分の成功ライブカード置き場に置く。
東條 希,スタートデッキ ラブライブ！,メンバー,PL!-sd1-007-SD,自分のデッキの上からカードを5枚控え室に置く。それらの中にライブカードがある場合、カードを1枚引く。
小泉 花陽,スタートデッキ ラブライブ！,メンバー,PL!-sd1-008-SD,：自分のデッキの上からカードを10枚控え室に置く。
矢澤 にこ,スタートデッキ ラブライブ！,メンバー,PL!-sd1-009-SD,自分の控え室に『μ's』のカードが25枚以上ある場合、ライブ終了時まで、「ライブの合計スコアを＋１する。」を得る。
高坂 穂乃果,スタートデッキ ラブライブ！,メンバー,PL!-sd1-010-SD,効果なし
絢瀬 絵里,スタートデッキ ラブライブ！,メンバー,PL!-sd1-011-SD,手札を1枚控え室に置いてもよい：自分のデッキの上からカードを3枚見る。その中から1枚を手札に加え、残りを控え室に置く。
南 ことり,スタートデッキ ラブライブ！,メンバー,PL!-sd1-012-SD,手札を1枚控え室に置いてもよい：自分のデッキの上からカードを3枚見る。その中から1枚を手札に加え、残りを控え室に置く。
園田 海未,スタートデッキ ラブライブ！,メンバー,PL!-sd1-013-SD,効果なし
星空 凛,スタートデッキ ラブライブ！,メンバー,PL!-sd1-014-SD,効果なし
西木野 真姫,スタートデッキ ラブライブ！,メンバー,PL!-sd1-015-SD,手札を1枚控え室に置いてもよい：自分のデッキの上からカードを5枚見る。その中からメンバーカードを1枚公開して手札に加えてもよい。残りを控え室に置く。
東條 希,スタートデッキ ラブライブ！,メンバー,PL!-sd1-016-SD,手札を1枚控え室に置いてもよい：自分のデッキの上からカードを3枚見る。その中から1枚を手札に加え、残りを控え室に置く。
小泉 花陽,スタートデッキ ラブライブ！,メンバー,PL!-sd1-017-SD,効果なし
矢澤 にこ,スタートデッキ ラブライブ！,メンバー,PL!-sd1-018-SD,効果なし
START:DASH!!,スタートデッキ ラブライブ！,ライブ,PL!-sd1-019-SD,自分のデッキの上からカードを3枚見る。その中から好きな枚数を好きな順番でデッキの上に置き、残りを控え室に置く。
きっと青春が聞こえる,スタートデッキ ラブライブ！,ライブ,PL!-sd1-020-SD,効果なし
これからのSomeday,スタートデッキ ラブライブ！,ライブ,PL!-sd1-021-SD,効果なし
僕らは今のなかで,スタートデッキ ラブライブ！,ライブ,PL!-sd1-022-SD,自分の成功ライブカード置き場にあるカード1枚につき、このカードを成功させるための必要ハートは少なくなる。
高坂 穂乃果,スタートデッキ ラブライブ！,エネルギー,PL!-sd1-023-P,効果なし
絢瀬 絵里,スタートデッキ ラブライブ！,エネルギー,PL!-sd1-024-P,効果なし
南 ことり,スタートデッキ ラブライブ！,エネルギー,PL!-sd1-025-P,効果なし
園田 海未,スタートデッキ ラブライブ！,エネルギー,PL!-sd1-026-P,効果なし
星空 凛,スタートデッキ ラブライブ！,エネルギー,PL!-sd1-027-P,効果なし
西木野 真姫,スタートデッキ ラブライブ！,エネルギー,PL!-sd1-028-P,効果なし
東條 希,スタートデッキ ラブライブ！,エネルギー,PL!-sd1-029-P,効果なし
小泉 花陽,スタートデッキ ラブライブ！,エネルギー,PL!-sd1-030-P,効果なし
矢澤 にこ,スタートデッキ ラブライブ！,エネルギー,PL!-sd1-031-P,効果なし
高海千歌,プレミアムブースター ラブライブ！サンシャイン!!,メンバー,PL!S-pb1-001-R,相手の手札の枚数が自分より2枚以上多い場合、自分の控え室からライブカードを1枚手札に加える。
高海千歌,プレミアムブースター ラブライブ！サンシャイン!!,メンバー,PL!S-pb1-001-P＋,相手の手札の枚数が自分より2枚以上多い場合、自分の控え室からライブカードを1枚手札に加える。
桜内梨子,プレミアムブースター ラブライブ！サンシャイン!!,メンバー,PL!S-pb1-002-R,相手は手札からライブカードを1枚控え室に置いてもよい。そうしなかった場合、ライブ終了時まで、「ライブの合計スコアを＋１する。」を得る。
桜内梨子,プレミアムブースター ラブライブ！サンシャイン!!,メンバー,PL!S-pb1-002-P＋,相手は手札からライブカードを1枚控え室に置いてもよい。そうしなかった場合、ライブ終了時まで、「ライブの合計スコアを＋１する。」を得る。
松浦果南,プレミアムブースター ラブライブ！サンシャイン!!,メンバー,PL!S-pb1-003-R,支払ってもよい：ライブ終了時まで、このメンバーが元々持つハートはすべてになる。エールにより公開された自分のカードの中から、ライブカードを1枚手札に加える。
松浦果南,プレミアムブースター ラブライブ！サンシャイン!!,メンバー,PL!S-pb1-003-P＋,支払ってもよい：ライブ終了時まで、このメンバーが元々持つハートはすべてになる。エールにより公開された自分のカードの中から、ライブカードを1枚手札に加える。
黒澤ダイヤ,プレミアムブースター ラブライブ！サンシャイン!!,メンバー,PL!S-pb1-004-R,このメンバーをステージから控え室に置く：自分の控え室からライブカードを1枚手札に加える。
黒澤ダイヤ,プレミアムブースター ラブライブ！サンシャイン!!,メンバー,PL!S-pb1-004-P＋,このメンバーをステージから控え室に置く：自分の控え室からライブカードを1枚手札に加える。
渡辺 曜,プレミアムブースター ラブライブ！サンシャイン!!,メンバー,PL!S-pb1-005-R,相手のエネルギーが自分より多い場合、を得る。
渡辺 曜,プレミアムブースター ラブライブ！サンシャイン!!,メンバー,PL!S-pb1-005-P＋,相手のエネルギーが自分より多い場合、を得る。
津島善子,プレミアムブースター ラブライブ！サンシャイン!!,メンバー,PL!S-pb1-006-R,手札のライブカードを1枚公開する：相手は手札を1枚控え室に置いてもよい。そうしなかった場合、ライブ終了時まで、を得る。
津島善子,プレミアムブースター ラブライブ！サンシャイン!!,メンバー,PL!S-pb1-006-P＋,手札のライブカードを1枚公開する：相手は手札を1枚控え室に置いてもよい。そうしなかった場合、ライブ終了時まで、を得る。
国木田花丸,プレミアムブースター ラブライブ！サンシャイン!!,メンバー,PL!S-pb1-007-R,エールにより公開された自分のカードの中にライブカードが1枚以上あるとき、自分のエネルギーデッキから、エネルギーカードを1枚ウェイト状態で置く。
国木田花丸,プレミアムブースター ラブライブ！サンシャイン!!,メンバー,PL!S-pb1-007-P＋,エールにより公開された自分のカードの中にライブカードが1枚以上あるとき、自分のエネルギーデッキから、エネルギーカードを1枚ウェイト状態で置く。
小原鞠莉,プレミアムブースター ラブライブ！サンシャイン!!,メンバー,PL!S-pb1-008-R,自分か相手を選ぶ。自分は、そのプレイヤーのデッキの上からカードを2枚見る。その中から好きな枚数を好きな順番でデッキの上に置き、残りを控え室に置く。
小原鞠莉,プレミアムブースター ラブライブ！サンシャイン!!,メンバー,PL!S-pb1-008-P＋,自分か相手を選ぶ。自分は、そのプレイヤーのデッキの上からカードを2枚見る。その中から好きな枚数を好きな順番でデッキの上に置き、残りを控え室に置く。
黒澤ルビィ,プレミアムブースター ラブライブ！サンシャイン!!,メンバー,PL!S-pb1-009-R,自分と相手の成功ライブカード置き場にカードが合計3枚以上ある場合、を得る。
黒澤ルビィ,プレミアムブースター ラブライブ！サンシャイン!!,メンバー,PL!S-pb1-009-P＋,自分と相手の成功ライブカード置き場にカードが合計3枚以上ある場合、を得る。
高海千歌,プレミアムブースター ラブライブ！サンシャイン!!,メンバー,PL!S-pb1-010-N,効果なし
桜内梨子,プレミアムブースター ラブライブ！サンシャイン!!,メンバー,PL!S-pb1-011-N,効果なし
松浦果南,プレミアムブースター ラブライブ！サンシャイン!!,メンバー,PL!S-pb1-012-N,効果なし
黒澤ダイヤ,プレミアムブースター ラブライブ！サンシャイン!!,メンバー,PL!S-pb1-013-N,手札を1枚控え室に置いてもよい：自分のデッキの上からカードを4枚見る。その中からハートにを2個以上持つメンバーカードか、必要ハートにを2以上含むライブカードを1枚公開して手札に加えてもよい。残りを控え室に置く。
渡辺 曜,プレミアムブースター ラブライブ！サンシャイン!!,メンバー,PL!S-pb1-014-N,手札を1枚控え室に置いてもよい：自分のデッキの上からカードを4枚見る。その中からハートにを2個以上持つメンバーカードか、必要ハートにを2以上含むライブカードを1枚公開して手札に加えてもよい。残りを控え室に置く。
津島善子,プレミアムブースター ラブライブ！サンシャイン!!,メンバー,PL!S-pb1-015-N,手札を1枚控え室に置いてもよい：自分のデッキの上からカードを4枚見る。その中からハートにを2個以上持つメンバーカードか、必要ハートにを2以上含むライブカードを1枚公開して手札に加えてもよい。残りを控え室に置く。
国木田花丸,プレミアムブースター ラブライブ！サンシャイン!!,メンバー,PL!S-pb1-016-N,支払ってもよい：ライブ終了時まで、を得る。
小原鞠莉,プレミアムブースター ラブライブ！サンシャイン!!,メンバー,PL!S-pb1-017-N,支払ってもよい：ライブ終了時まで、を得る。
黒澤ルビィ,プレミアムブースター ラブライブ！サンシャイン!!,メンバー,PL!S-pb1-018-N,支払ってもよい：ライブ終了時まで、を得る。
元気全開DAY！DAY！DAY！,プレミアムブースター ラブライブ！サンシャイン!!,ライブ,PL!S-pb1-019-L,自分のステージにいる『Aqours』のメンバーが持つハートに、が合計6個以上ある場合、このカードの能力を無効にする。相手は、エネルギーデッキからエネルギーカードを1枚ウェイト状態で置く。
トリコリコPLEASE!!,プレミアムブースター ラブライブ！サンシャイン!!,ライブ,PL!S-pb1-020-L,自分のステージにいる『Aqours』のメンバーが持つハートに、が合計10個以上ある場合、このカードのスコアを＋２する。
Strawberry Trapper,プレミアムブースター ラブライブ！サンシャイン!!,ライブ,PL!S-pb1-021-L,自分のステージにいる『Aqours』のメンバーが持つハートに、が合計4個以上あり、このターン、相手が余剰のハートを持たずにライブを成功させていた場合、このカードのスコアを＋２する。
逃走迷走メビウスループ,プレミアムブースター ラブライブ！サンシャイン!!,ライブ,PL!S-pb1-022-L,このターン、ライブに勝利するプレイヤーを決定するとき、自分と相手のライブの合計スコアが同じ場合、ライブ終了時まで、自分と相手は成功ライブカード置き場にカードを置くことができない。
逃走迷走メビウスループ,プレミアムブースター ラブライブ！サンシャイン!!,ライブ,PL!S-pb1-022-L＋,このターン、ライブに勝利するプレイヤーを決定するとき、自分と相手のライブの合計スコアが同じ場合、ライブ終了時まで、自分と相手は成功ライブカード置き場にカードを置くことができない。
Next SPARKLING!!,プレミアムブースター ラブライブ！サンシャイン!!,ライブ,PL!S-pb1-023-L,効果なし
Next SPARKLING!!,プレミアムブースター ラブライブ！サンシャイン!!,ライブ,PL!S-pb1-023-L＋,効果なし
僕らの走ってきた道は・・・,プレミアムブースター ラブライブ！サンシャイン!!,ライブ,PL!S-pb1-024-L,カードを2枚引き、手札を2枚控え室に置く。
高海千歌,プレミアムブースター ラブライブ！サンシャイン!!,エネルギー,PL!S-pb1-025-PE,効果なし
高海千歌,プレミアムブースター ラブライブ！サンシャイン!!,エネルギー,PL!S-pb1-025-PE＋,効果なし
桜内梨子,プレミアムブースター ラブライブ！サンシャイン!!,エネルギー,PL!S-pb1-026-PE,効果なし
桜内梨子,プレミアムブースター ラブライブ！サンシャイン!!,エネルギー,PL!S-pb1-026-PE＋,効果なし
松浦果南,プレミアムブースター ラブライブ！サンシャイン!!,エネルギー,PL!S-pb1-027-PE,効果なし
松浦果南,プレミアムブースター ラブライブ！サンシャイン!!,エネルギー,PL!S-pb1-027-PE＋,効果なし
黒澤ダイヤ,プレミアムブースター ラブライブ！サンシャイン!!,エネルギー,PL!S-pb1-028-PE,効果なし
黒澤ダイヤ,プレミアムブースター ラブライブ！サンシャイン!!,エネルギー,PL!S-pb1-028-PE＋,効果なし
渡辺 曜,プレミアムブースター ラブライブ！サンシャイン!!,エネルギー,PL!S-pb1-029-PE,効果なし
渡辺 曜,プレミアムブースター ラブライブ！サンシャイン!!,エネルギー,PL!S-pb1-029-PE＋,効果なし
津島善子,プレミアムブースター ラブライブ！サンシャイン!!,エネルギー,PL!S-pb1-030-PE,効果なし
津島善子,プレミアムブースター ラブライブ！サンシャイン!!,エネルギー,PL!S-pb1-030-PE＋,効果なし
国木田花丸,プレミアムブースター ラブライブ！サンシャイン!!,エネルギー,PL!S-pb1-031-PE,効果なし
国木田花丸,プレミアムブースター ラブライブ！サンシャイン!!,エネルギー,PL!S-pb1-031-PE＋,効果なし
小原鞠莉,プレミアムブースター ラブライブ！サンシャイン!!,エネルギー,PL!S-pb1-032-PE,効果なし
小原鞠莉,プレミアムブースター ラブライブ！サンシャイン!!,エネルギー,PL!S-pb1-032-PE＋,効果なし
黒澤ルビィ,プレミアムブースター ラブライブ！サンシャイン!!,エネルギー,PL!S-pb1-033-PE,効果なし
黒澤ルビィ,プレミアムブースター ラブライブ！サンシャイン!!,エネルギー,PL!S-pb1-033-PE＋,効果なし
高海千歌,プレミアムブースター ラブライブ！サンシャイン!!,エネルギー,PL!S-pb1-034-SRE,効果なし
桜内梨子,プレミアムブースター ラブライブ！サンシャイン!!,エネルギー,PL!S-pb1-035-SRE,効果なし
松浦果南,プレミアムブースター ラブライブ！サンシャイン!!,エネルギー,PL!S-pb1-036-SRE,効果なし
黒澤ダイヤ,プレミアムブースター ラブライブ！サンシャイン!!,エネルギー,PL!S-pb1-037-SRE,効果なし
渡辺 曜,プレミアムブースター ラブライブ！サンシャイン!!,エネルギー,PL!S-pb1-038-SRE,効果なし
津島善子,プレミアムブースター ラブライブ！サンシャイン!!,エネルギー,PL!S-pb1-039-SRE,効果なし
国木田花丸,プレミアムブースター ラブライブ！サンシャイン!!,エネルギー,PL!S-pb1-040-SRE,効果なし
小原鞠莉,プレミアムブースター ラブライブ！サンシャイン!!,エネルギー,PL!S-pb1-041-SRE,効果なし
黒澤ルビィ,プレミアムブースター ラブライブ！サンシャイン!!,エネルギー,PL!S-pb1-042-SRE,効果なし
高海千歌,プレミアムブースター ラブライブ！サンシャイン!!,エネルギー,PL!S-pb1-043-SRE,効果なし
桜内梨子,プレミアムブースター ラブライブ！サンシャイン!!,エネルギー,PL!S-pb1-044-SRE,効果なし
松浦果南,プレミアムブースター ラブライブ！サンシャイン!!,エネルギー,PL!S-pb1-045-SRE,効果なし
黒澤ダイヤ,プレミアムブースター ラブライブ！サンシャイン!!,エネルギー,PL!S-pb1-046-SRE,効果なし
渡辺 曜,プレミアムブースター ラブライブ！サンシャイン!!,エネルギー,PL!S-pb1-047-SRE,効果なし
津島善子,プレミアムブースター ラブライブ！サンシャイン!!,エネルギー,PL!S-pb1-048-SRE,効果なし
国木田花丸,プレミアムブースター ラブライブ！サンシャイン!!,エネルギー,PL!S-pb1-049-SRE,効果なし
小原鞠莉,プレミアムブースター ラブライブ！サンシャイン!!,エネルギー,PL!S-pb1-050-SRE,効果なし
黒澤ルビィ,プレミアムブースター ラブライブ！サンシャイン!!,エネルギー,PL!S-pb1-051-SRE,効果なし
高海千歌,プレミアムブースター ラブライブ！サンシャイン!!,エネルギー,PL!S-pb1-052-SRE,効果なし
高海千歌,プレミアムブースター ラブライブ！サンシャイン!!,エネルギー,PL!S-pb1-052-SECE,効果なし
CHIKA＆RIKO＆YOU,プレミアムブースター ラブライブ！サンシャイン!!,エネルギー,PL!S-pb1-053-SECE,効果なし
高海千歌,プレミアムブースター ラブライブ！サンシャイン!!,エネルギー,PL!S-pb1-064-LLE,効果なし
桜内梨子,プレミアムブースター ラブライブ！サンシャイン!!,エネルギー,PL!S-pb1-065-LLE,効果なし
松浦果南,プレミアムブースター ラブライブ！サンシャイン!!,エネルギー,PL!S-pb1-066-LLE,効果なし
黒澤ダイヤ,プレミアムブースター ラブライブ！サンシャイン!!,エネルギー,PL!S-pb1-067-LLE,効果なし
渡辺 曜,プレミアムブースター ラブライブ！サンシャイン!!,エネルギー,PL!S-pb1-068-LLE,効果なし
津島善子,プレミアムブースター ラブライブ！サンシャイン!!,エネルギー,PL!S-pb1-069-LLE,効果なし
国木田花丸,プレミアムブースター ラブライブ！サンシャイン!!,エネルギー,PL!S-pb1-070-LLE,効果なし
小原鞠莉,プレミアムブースター ラブライブ！サンシャイン!!,エネルギー,PL!S-pb1-071-LLE,効果なし
黒澤ルビィ,プレミアムブースター ラブライブ！サンシャイン!!,エネルギー,PL!S-pb1-072-LLE,効果なし
鹿角聖良,プレミアムブースター ラブライブ！サンシャイン!!,エネルギー,PL!S-pb1-054-SRE,効果なし
鹿角理亞,プレミアムブースター ラブライブ！サンシャイン!!,エネルギー,PL!S-pb1-055-SRE,効果なし
鹿角聖良,プレミアムブースター ラブライブ！サンシャイン!!,エネルギー,PL!S-pb1-056-SRE,効果なし
鹿角理亞,プレミアムブースター ラブライブ！サンシャイン!!,エネルギー,PL!S-pb1-057-SRE,効果なし
鹿角聖良,プレミアムブースター ラブライブ！サンシャイン!!,エネルギー,PL!S-pb1-058-SRE,効果なし
鹿角理亞,プレミアムブースター ラブライブ！サンシャイン!!,エネルギー,PL!S-pb1-059-SRE,効果なし
-,プレミアムブースター ラブライブ！サンシャイン!!,エネルギー,PL!S-pb1-060-SRE,効果なし
-,プレミアムブースター ラブライブ！サンシャイン!!,エネルギー,PL!S-pb1-061-SRE,効果なし
-,プレミアムブースター ラブライブ！サンシャイン!!,エネルギー,PL!S-pb1-062-SRE,効果なし
-,プレミアムブースター ラブライブ！サンシャイン!!,エネルギー,PL!S-pb1-063-SRE,効果なし
高海千歌,ブースターパック NEXT STEP,メンバー,PL!S-bp2-001-R,自分の成功ライブカード置き場のカードが0枚で、かつ相手の成功ライブカード置き場にカードが1枚以上ある場合、［ブレード］［ブレード］［ブレード］を得る。
高海千歌,ブースターパック NEXT STEP,メンバー,PL!S-bp2-001-P,自分の成功ライブカード置き場のカードが0枚で、かつ相手の成功ライブカード置き場にカードが1枚以上ある場合、［ブレード］［ブレード］［ブレード］を得る。
桜内梨子,ブースターパック NEXT STEP,メンバー,PL!S-bp2-002-R,このメンバーがステージから控え室に置かれたとき、手札を1枚控え室に置いてもよい。そうした場合、自分の控え室から『Aqours』のライブカードを1枚手札に加える。
桜内梨子,ブースターパック NEXT STEP,メンバー,PL!S-bp2-002-P,このメンバーがステージから控え室に置かれたとき、手札を1枚控え室に置いてもよい。そうした場合、自分の控え室から『Aqours』のライブカードを1枚手札に加える。
松浦果南,ブースターパック NEXT STEP,メンバー,PL!S-bp2-003-R,［ターン1回］エールにより公開された自分のカードの中にライブカードが1枚以上あるとき、ライブ終了時まで、［緑ハート］を得る。
松浦果南,ブースターパック NEXT STEP,メンバー,PL!S-bp2-003-P,［ターン1回］エールにより公開された自分のカードの中にライブカードが1枚以上あるとき、ライブ終了時まで、［緑ハート］を得る。
黒澤ダイヤ,ブースターパック NEXT STEP,メンバー,PL!S-bp2-004-R,［ターン1回］エールにより公開された自分のカードの中にライブカードがないとき、それらのカードをすべて控え室に置いてもよい。これにより1枚以上のカードが控え室に置かれた場合、そのエールで得たブレードハートを失い、もう一度エールを行う。
黒澤ダイヤ,ブースターパック NEXT STEP,メンバー,PL!S-bp2-004-P,［ターン1回］エールにより公開された自分のカードの中にライブカードがないとき、それらのカードをすべて控え室に置いてもよい。これにより1枚以上のカードが控え室に置かれた場合、そのエールで得たブレードハートを失い、もう一度エールを行う。
渡辺 曜,ブースターパック NEXT STEP,メンバー,PL!S-bp2-005-R＋,手札を1枚控え室に置いてもよい：自分のデッキの上からカードを7枚見る。その中からかかを持つメンバーカードを3枚まで公開して手札に加えてもよい。残りを控え室に置く。
渡辺 曜,ブースターパック NEXT STEP,メンバー,PL!S-bp2-005-P,手札を1枚控え室に置いてもよい：自分のデッキの上からカードを7枚見る。その中からかかを持つメンバーカードを3枚まで公開して手札に加えてもよい。残りを控え室に置く。
渡辺 曜,ブースターパック NEXT STEP,メンバー,PL!S-bp2-005-P＋,手札を1枚控え室に置いてもよい：自分のデッキの上からカードを7枚見る。その中からかかを持つメンバーカードを3枚まで公開して手札に加えてもよい。残りを控え室に置く。
渡辺 曜,ブースターパック NEXT STEP,メンバー,PL!S-bp2-005-SEC,手札を1枚控え室に置いてもよい：自分のデッキの上からカードを7枚見る。その中からかかを持つメンバーカードを3枚まで公開して手札に加えてもよい。残りを控え室に置く。
津島善子,ブースターパック NEXT STEP,メンバー,PL!S-bp2-006-R,支払ってもよい：自分の控え室から、コストの合計が4以下になるようにメンバーカードを2枚までステージに登場させる。
津島善子,ブースターパック NEXT STEP,メンバー,PL!S-bp2-006-P,支払ってもよい：自分の控え室から、コストの合計が4以下になるようにメンバーカードを2枚までステージに登場させる。
国木田花丸,ブースターパック NEXT STEP,メンバー,PL!S-bp2-007-R＋,［ターン1回］エールにより公開された自分のカードの中にライブカードが1枚以上あるとき、自分の手札が7枚以下の場合、カードを1枚引く。\n手札のライブカードを1枚公開し、デッキの一番下に置いてもよい：自分のデッキの上からカードを2枚見る。その中から好きな枚数を好きな順番でデッキの上に置き、残りを控え室に置く。
国木田花丸,ブースターパック NEXT STEP,メンバー,PL!S-bp2-007-P,［ターン1回］エールにより公開された自分のカードの中にライブカードが1枚以上あるとき、自分の手札が7枚以下の場合、カードを1枚引く。\n手札のライブカードを1枚公開し、デッキの一番下に置いてもよい：自分のデッキの上からカードを2枚見る。その中から好きな枚数を好きな順番でデッキの上に置き、残りを控え室に置く。
国木田花丸,ブースターパック NEXT STEP,メンバー,PL!S-bp2-007-P＋,［ターン1回］エールにより公開された自分のカードの中にライブカードが1枚以上あるとき、自分の手札が7枚以下の場合、カードを1枚引く。\n手札のライブカードを1枚公開し、デッキの一番下に置いてもよい：自分のデッキの上からカードを2枚見る。その中から好きな枚数を好きな順番でデッキの上に置き、残りを控え室に置く。
国木田花丸,ブースターパック NEXT STEP,メンバー,PL!S-bp2-007-SEC,［ターン1回］エールにより公開された自分のカードの中にライブカードが1枚以上あるとき、自分の手札が7枚以下の場合、カードを1枚引く。\n手札のライブカードを1枚公開し、デッキの一番下に置いてもよい：自分のデッキの上からカードを2枚見る。その中から好きな枚数を好きな順番でデッキの上に置き、残りを控え室に置く。
小原鞠莉,ブースターパック NEXT STEP,メンバー,PL!S-bp2-008-R＋,自分の控え室からライブカードを1枚までデッキの一番下に置く。\n自分のステージのエリアすべてに『Aqours』のメンバーが登場しており、かつ名前が異なる場合、「エールにより公開された自分のカードの中にライブカードが1枚以上ある場合、ライブの合計スコアを＋１する。ライブカードが3枚以上ある場合、代わりに合計スコアを＋２する。」を得る。
小原鞠莉,ブースターパック NEXT STEP,メンバー,PL!S-bp2-008-P,自分の控え室からライブカードを1枚までデッキの一番下に置く。\n自分のステージのエリアすべてに『Aqours』のメンバーが登場しており、かつ名前が異なる場合、「エールにより公開された自分のカードの中にライブカードが1枚以上ある場合、ライブの合計スコアを＋１する。ライブカードが3枚以上ある場合、代わりに合計スコアを＋２する。」を得る。
小原鞠莉,ブースターパック NEXT STEP,メンバー,PL!S-bp2-008-P＋,自分の控え室からライブカードを1枚までデッキの一番下に置く。\n自分のステージのエリアすべてに『Aqours』のメンバーが登場しており、かつ名前が異なる場合、「エールにより公開された自分のカードの中にライブカードが1枚以上ある場合、ライブの合計スコアを＋１する。ライブカードが3枚以上ある場合、代わりに合計スコアを＋２する。」を得る。
小原鞠莉,ブースターパック NEXT STEP,メンバー,PL!S-bp2-008-SEC,自分の控え室からライブカードを1枚までデッキの一番下に置く。\n自分のステージのエリアすべてに『Aqours』のメンバーが登場しており、かつ名前が異なる場合、「エールにより公開された自分のカードの中にライブカードが1枚以上ある場合、ライブの合計スコアを＋１する。ライブカードが3枚以上ある場合、代わりに合計スコアを＋２する。」を得る。
黒澤ルビィ,ブースターパック NEXT STEP,メンバー,PL!S-bp2-009-R,このメンバーをステージから控え室に置く：自分の控え室からライブカードを1枚手札に加える。
黒澤ルビィ,ブースターパック NEXT STEP,メンバー,PL!S-bp2-009-P,このメンバーをステージから控え室に置く：自分の控え室からライブカードを1枚手札に加える。
高海千歌,ブースターパック NEXT STEP,メンバー,PL!S-bp2-010-N,カードを2枚引き、手札を2枚控え室に置く。
桜内梨子,ブースターパック NEXT STEP,メンバー,PL!S-bp2-011-N,効果なし
松浦果南,ブースターパック NEXT STEP,メンバー,PL!S-bp2-012-N,効果なし
黒澤ダイヤ,ブースターパック NEXT STEP,メンバー,PL!S-bp2-013-N,効果なし
渡辺 曜,ブースターパック NEXT STEP,メンバー,PL!S-bp2-014-N,効果なし
津島善子,ブースターパック NEXT STEP,メンバー,PL!S-bp2-015-N,効果なし
国木田花丸,ブースターパック NEXT STEP,メンバー,PL!S-bp2-016-N,このメンバーをステージから控え室に置く：自分の控え室からメンバーカードを1枚手札に加える。
小原鞠莉,ブースターパック NEXT STEP,メンバー,PL!S-bp2-017-N,効果なし
黒澤ルビィ,ブースターパック NEXT STEP,メンバー,PL!S-bp2-018-N,効果なし
WATER BLUE NEW WORLD,ブースターパック NEXT STEP,ライブ,PL!S-bp2-019-L,効果なし
DREAMY COLOR,ブースターパック NEXT STEP,ライブ,PL!S-bp2-020-L,効果なし
未体験HORIZON,ブースターパック NEXT STEP,ライブ,PL!S-bp2-021-L,エールにより公開された自分のカードの中から、ライブカードを1枚までデッキの一番下に置く。
未熟DREAMER,ブースターパック NEXT STEP,ライブ,PL!S-bp2-022-L,このターン、自分のデッキがリフレッシュしていた場合、このカードのスコアを＋２する。
MY舞☆TONIGHT,ブースターパック NEXT STEP,ライブ,PL!S-bp2-023-L,自分のライブカード置き場に「MY舞☆TONIGHT」以外の『Aqours』のライブカードがある場合、ライブ終了時まで、自分のステージのメンバーはを得る。
君のこころは輝いてるかい？,ブースターパック NEXT STEP,ライブ,PL!S-bp2-024-L,このカードは成功ライブカード置き場に置くことができない。\nカードを2枚引き、手札を1枚控え室に置く。
青空Jumping Heart,ブースターパック NEXT STEP,ライブ,PL!S-bp2-025-L,自分の成功ライブカード置き場にカードが2枚以上ある場合、ライブ終了時まで、自分のステージにいるメンバー1人は、を得る。
ユメ語るよりユメ歌おう,ブースターパック NEXT STEP,ライブ,PL!S-bp2-026-L,効果なし
渡辺 曜,ブースターパック NEXT STEP,エネルギー,PL!S-bp2-027-SECE,効果なし
国木田花丸,ブースターパック NEXT STEP,エネルギー,PL!S-bp2-028-SECE,効果なし
小原鞠莉,ブースターパック NEXT STEP,エネルギー,PL!S-bp2-029-SECE,効果なし
SAKURAUCHI RIKO,ブースターパック NEXT STEP,エネルギー,PL!S-bp2-030-PE,効果なし
SAKURAUCHI RIKO,ブースターパック NEXT STEP,エネルギー,PL!S-bp2-030-PE＋,効果なし
MATSUURA KANAN,ブースターパック NEXT STEP,エネルギー,PL!S-bp2-031-PE,効果なし
MATSUURA KANAN,ブースターパック NEXT STEP,エネルギー,PL!S-bp2-031-PE＋,効果なし
KUROSAWA DIA,ブースターパック NEXT STEP,エネルギー,PL!S-bp2-032-PE,効果なし
KUROSAWA DIA,ブースターパック NEXT STEP,エネルギー,PL!S-bp2-032-PE＋,効果なし
TSUSHIMA YOSHIKO,ブースターパック NEXT STEP,エネルギー,PL!S-bp2-033-PE,効果なし
TSUSHIMA YOSHIKO,ブースターパック NEXT STEP,エネルギー,PL!S-bp2-033-PE＋,効果なし
,ブースターパック NEXT STEP,エネルギー,PL!S-bp2-100-LLE,効果なし
,ブースターパック NEXT STEP,エネルギー,PL!S-bp2-200-LLE,効果なし
澁谷かのん,ブースターパック NEXT STEP,メンバー,PL!SP-bp2-001-R＋,自分のステージにいる『Liella!』のメンバー1人のすべての能力を、ライブ終了時まで、無効にしてもよい。これにより無効にした場合、自分の控え室から『Liella!』のカードを1枚手札に加える。
澁谷かのん,ブースターパック NEXT STEP,メンバー,PL!SP-bp2-001-P,自分のステージにいる『Liella!』のメンバー1人のすべての能力を、ライブ終了時まで、無効にしてもよい。これにより無効にした場合、自分の控え室から『Liella!』のカードを1枚手札に加える。
澁谷かのん,ブースターパック NEXT STEP,メンバー,PL!SP-bp2-001-P＋,自分のステージにいる『Liella!』のメンバー1人のすべての能力を、ライブ終了時まで、無効にしてもよい。これにより無効にした場合、自分の控え室から『Liella!』のカードを1枚手札に加える。
澁谷かのん,ブースターパック NEXT STEP,メンバー,PL!SP-bp2-001-SEC,自分のステージにいる『Liella!』のメンバー1人のすべての能力を、ライブ終了時まで、無効にしてもよい。これにより無効にした場合、自分の控え室から『Liella!』のカードを1枚手札に加える。
唐 可可,ブースターパック NEXT STEP,メンバー,PL!SP-bp2-002-R,自分のデッキの上からカードを3枚見る。その中からコスト11以上のカードを1枚公開して手札に加えてもよい。残りを控え室に置く。
唐 可可,ブースターパック NEXT STEP,メンバー,PL!SP-bp2-002-P,自分のデッキの上からカードを3枚見る。その中からコスト11以上のカードを1枚公開して手札に加えてもよい。残りを控え室に置く。
嵐 千砂都,ブースターパック NEXT STEP,メンバー,PL!SP-bp2-003-R,このメンバーがエリアを移動したとき、自分のエネルギーデッキから、エネルギーカードを1枚ウェイト状態で置く。
嵐 千砂都,ブースターパック NEXT STEP,メンバー,PL!SP-bp2-003-P,このメンバーがエリアを移動したとき、自分のエネルギーデッキから、エネルギーカードを1枚ウェイト状態で置く。
平安名すみれ,ブースターパック NEXT STEP,メンバー,PL!SP-bp2-004-R,自分のステージにいるメンバーのうち、センターエリアにいるメンバーが最も大きいコストを持つ場合、を得る。
平安名すみれ,ブースターパック NEXT STEP,メンバー,PL!SP-bp2-004-P,自分のステージにいるメンバーのうち、センターエリアにいるメンバーが最も大きいコストを持つ場合、を得る。
葉月 恋,ブースターパック NEXT STEP,メンバー,PL!SP-bp2-005-R,支払ってもよい：自分のデッキの上からカードを7枚見る。その中から『Liella!』のカードを1枚公開して手札に加えてもよい。残りを控え室に置く。
葉月 恋,ブースターパック NEXT STEP,メンバー,PL!SP-bp2-005-P,支払ってもよい：自分のデッキの上からカードを7枚見る。その中から『Liella!』のカードを1枚公開して手札に加えてもよい。残りを控え室に置く。
桜小路きな子,ブースターパック NEXT STEP,メンバー,PL!SP-bp2-006-R＋,バトンタッチして登場した場合、このバトンタッチで控え室に置かれた『Liella!』のメンバーカードを1枚手札に加える。\n手札のコスト4以下の『Liella!』のメンバーカードを1枚控え室に置く：これにより控え室に置いたメンバーカードの能力1つを発動させる。\n(能力がコストを持つ場合、支払って発動させる。)
桜小路きな子,ブースターパック NEXT STEP,メンバー,PL!SP-bp2-006-P,バトンタッチして登場した場合、このバトンタッチで控え室に置かれた『Liella!』のメンバーカードを1枚手札に加える。\n手札のコスト4以下の『Liella!』のメンバーカードを1枚控え室に置く：これにより控え室に置いたメンバーカードの能力1つを発動させる。\n(能力がコストを持つ場合、支払って発動させる。)
桜小路きな子,ブースターパック NEXT STEP,メンバー,PL!SP-bp2-006-P＋,バトンタッチして登場した場合、このバトンタッチで控え室に置かれた『Liella!』のメンバーカードを1枚手札に加える。\n手札のコスト4以下の『Liella!』のメンバーカードを1枚控え室に置く：これにより控え室に置いたメンバーカードの能力1つを発動させる。\n(能力がコストを持つ場合、支払って発動させる。)
桜小路きな子,ブースターパック NEXT STEP,メンバー,PL!SP-bp2-006-SEC,バトンタッチして登場した場合、このバトンタッチで控え室に置かれた『Liella!』のメンバーカードを1枚手札に加える。\n手札のコスト4以下の『Liella!』のメンバーカードを1枚控え室に置く：これにより控え室に置いたメンバーカードの能力1つを発動させる。\n(能力がコストを持つ場合、支払って発動させる。)
米女メイ,ブースターパック NEXT STEP,メンバー,PL!SP-bp2-007-R,手札を1枚控え室に置いてもよい：自分のデッキの上からカードを5枚見る。その中から『Liella!』のメンバーカードを1枚公開して手札に加えてもよい。残りを控え室に置く。
米女メイ,ブースターパック NEXT STEP,メンバー,PL!SP-bp2-007-P,手札を1枚控え室に置いてもよい：自分のデッキの上からカードを5枚見る。その中から『Liella!』のメンバーカードを1枚公開して手札に加えてもよい。残りを控え室に置く。
若菜四季,ブースターパック NEXT STEP,メンバー,PL!SP-bp2-008-R,：このメンバーがいるエリアとは別の自分のエリア1つを選ぶ。このメンバーをそのエリアに移動する。選んだエリアにメンバーがいる場合、そのメンバーは、このメンバーがいたエリアに移動させる。
若菜四季,ブースターパック NEXT STEP,メンバー,PL!SP-bp2-008-P,：このメンバーがいるエリアとは別の自分のエリア1つを選ぶ。このメンバーをそのエリアに移動する。選んだエリアにメンバーがいる場合、そのメンバーは、このメンバーがいたエリアに移動させる。
鬼塚夏美,ブースターパック NEXT STEP,メンバー,PL!SP-bp2-009-R＋,ライブ終了時まで、自分の手札2枚につき、を得る。\nカードを2枚引き、手札を1枚控え室に置く。
鬼塚夏美,ブースターパック NEXT STEP,メンバー,PL!SP-bp2-009-P,ライブ終了時まで、自分の手札2枚につき、を得る。\nカードを2枚引き、手札を1枚控え室に置く。
鬼塚夏美,ブースターパック NEXT STEP,メンバー,PL!SP-bp2-009-P＋,ライブ終了時まで、自分の手札2枚につき、を得る。\nカードを2枚引き、手札を1枚控え室に置く。
鬼塚夏美,ブースターパック NEXT STEP,メンバー,PL!SP-bp2-009-SEC,ライブ終了時まで、自分の手札2枚につき、を得る。\nカードを2枚引き、手札を1枚控え室に置く。
ウィーン・マルガレーテ,ブースターパック NEXT STEP,メンバー,PL!SP-bp2-010-R＋,相手のライブカード置き場にあるすべてのライブカードは、成功させるための必要ハートが多くなる。\n自分のステージにこのメンバー以外のメンバーが1人以上いる場合、ライブ終了時まで、エールによって公開される自分のカードの枚数が8枚減る。
ウィーン・マルガレーテ,ブースターパック NEXT STEP,メンバー,PL!SP-bp2-010-P,相手のライブカード置き場にあるすべてのライブカードは、成功させるための必要ハートが多くなる。\n自分のステージにこのメンバー以外のメンバーが1人以上いる場合、ライブ終了時まで、エールによって公開される自分のカードの枚数が8枚減る。
ウィーン・マルガレーテ,ブースターパック NEXT STEP,メンバー,PL!SP-bp2-010-P＋,相手のライブカード置き場にあるすべてのライブカードは、成功させるための必要ハートが多くなる。\n自分のステージにこのメンバー以外のメンバーが1人以上いる場合、ライブ終了時まで、エールによって公開される自分のカードの枚数が8枚減る。
ウィーン・マルガレーテ,ブースターパック NEXT STEP,メンバー,PL!SP-bp2-010-SEC,相手のライブカード置き場にあるすべてのライブカードは、成功させるための必要ハートが多くなる。\n自分のステージにこのメンバー以外のメンバーが1人以上いる場合、ライブ終了時まで、エールによって公開される自分のカードの枚数が8枚減る。
鬼塚冬毬,ブースターパック NEXT STEP,メンバー,PL!SP-bp2-011-R,自分の控え室にある、カード名の異なるライブカードを2枚選ぶ。そうした場合、相手はそれらのカードのうち1枚を選ぶ。これにより相手に選ばれたカードを自分の手札に加える。
鬼塚冬毬,ブースターパック NEXT STEP,メンバー,PL!SP-bp2-011-P,自分の控え室にある、カード名の異なるライブカードを2枚選ぶ。そうした場合、相手はそれらのカードのうち1枚を選ぶ。これにより相手に選ばれたカードを自分の手札に加える。
澁谷かのん,ブースターパック NEXT STEP,メンバー,PL!SP-bp2-012-N,効果なし
唐 可可,ブースターパック NEXT STEP,メンバー,PL!SP-bp2-013-N,自分の控え室からカードを1枚までデッキの一番上に置く。
嵐 千砂都,ブースターパック NEXT STEP,メンバー,PL!SP-bp2-014-N,自分の控え室からカードを1枚までデッキの一番上に置く。
平安名すみれ,ブースターパック NEXT STEP,メンバー,PL!SP-bp2-015-N,エールにより公開された自分のカードの中にブレードハートを持つカードがないとき、ライブ終了時まで、を得る。
葉月 恋,ブースターパック NEXT STEP,メンバー,PL!SP-bp2-016-N,効果なし
桜小路きな子,ブースターパック NEXT STEP,メンバー,PL!SP-bp2-017-N,効果なし
米女メイ,ブースターパック NEXT STEP,メンバー,PL!SP-bp2-018-N,自分の控え室からカードを1枚までデッキの一番上に置く。
若菜四季,ブースターパック NEXT STEP,メンバー,PL!SP-bp2-019-N,支払ってもよい：ライブ終了時まで、を得る。
鬼塚夏美,ブースターパック NEXT STEP,メンバー,PL!SP-bp2-020-N,エールにより公開された自分のカードの中にブレードハートを持つカードがないとき、ライブ終了時まで、を得る。
ウィーン・マルガレーテ,ブースターパック NEXT STEP,メンバー,PL!SP-bp2-021-N,エールにより公開された自分のカードの中にブレードハートを持つカードがないとき、ライブ終了時まで、を得る。
鬼塚冬毬,ブースターパック NEXT STEP,メンバー,PL!SP-bp2-022-N,支払ってもよい：ライブ終了時まで、を得る。
Go!! リスタート,ブースターパック NEXT STEP,ライブ,PL!SP-bp2-023-L,自分の成功ライブカード置き場のカード枚数が相手より少ない場合、このカードのスコアを＋１する。
ビタミンSUMMER!,ブースターパック NEXT STEP,ライブ,PL!SP-bp2-024-L,自分の手札の枚数が相手より多い場合、このカードのスコアを＋１する。
Bubble Rise,ブースターパック NEXT STEP,ライブ,PL!SP-bp2-025-L,自分のステージに「澁谷かのん」、「ウィーン・マルガレーテ」、「鬼塚冬毬」のうち、名前の異なるメンバーが2人以上いる場合、エールにより公開された自分のカードの中から、カードを1枚手札に加える。
笑顔のPromise,ブースターパック NEXT STEP,ライブ,PL!SP-bp2-026-L,効果なし
UNIVERSE!!,ブースターパック NEXT STEP,ライブ,PL!SP-bp2-027-L,効果なし
澁谷かのん,ブースターパック NEXT STEP,エネルギー,PL!SP-bp2-028-SECE,効果なし
桜小路きな子,ブースターパック NEXT STEP,エネルギー,PL!SP-bp2-029-SECE,効果なし
鬼塚夏美,ブースターパック NEXT STEP,エネルギー,PL!SP-bp2-030-SECE,効果なし
ウィーン・マルガレーテ,ブースターパック NEXT STEP,エネルギー,PL!SP-bp2-031-SECE,効果なし
TANG KEKE,ブースターパック NEXT STEP,エネルギー,PL!SP-bp2-032-PE,効果なし
TANG KEKE,ブースターパック NEXT STEP,エネルギー,PL!SP-bp2-032-PE＋,効果なし
YONEME MEI,ブースターパック NEXT STEP,エネルギー,PL!SP-bp2-033-PE,効果なし
YONEME MEI,ブースターパック NEXT STEP,エネルギー,PL!SP-bp2-033-PE＋,効果なし
WAKAMA SHIKI,ブースターパック NEXT STEP,エネルギー,PL!SP-bp2-034-PE,効果なし
WAKAMA SHIKI,ブースターパック NEXT STEP,エネルギー,PL!SP-bp2-034-PE＋,効果なし
WIEN MARUGARETE,ブースターパック NEXT STEP,エネルギー,PL!SP-bp2-035-PE,効果なし
WIEN MARUGARETE,ブースターパック NEXT STEP,エネルギー,PL!SP-bp2-035-PE＋,効果なし
,ブースターパック NEXT STEP,エネルギー,PL!SP-bp2-100-LLE,効果なし
,ブースターパック NEXT STEP,エネルギー,PL!SP-bp2-200-LLE,効果なし
日野下花帆,ブースターパック NEXT STEP,メンバー,PL!HS-bp2-001-R,：自分の控え室からスコア3以下の『蓮ノ空』のライブカードを1枚手札に加える。
日野下花帆,ブースターパック NEXT STEP,メンバー,PL!HS-bp2-001-P,：自分の控え室からスコア3以下の『蓮ノ空』のライブカードを1枚手札に加える。
村野さやか,ブースターパック NEXT STEP,メンバー,PL!HS-bp2-002-R＋,自分の控え室からコスト2以下のメンバーカードを2枚まで手札に加える。\n自分のステージに、このメンバーよりコストの大きいメンバーがいる場合、を得る。
村野さやか,ブースターパック NEXT STEP,メンバー,PL!HS-bp2-002-P,自分の控え室からコスト2以下のメンバーカードを2枚まで手札に加える。\n自分のステージに、このメンバーよりコストの大きいメンバーがいる場合、を得る。
村野さやか,ブースターパック NEXT STEP,メンバー,PL!HS-bp2-002-P＋,自分の控え室からコスト2以下のメンバーカードを2枚まで手札に加える。\n自分のステージに、このメンバーよりコストの大きいメンバーがいる場合、を得る。
村野さやか,ブースターパック NEXT STEP,メンバー,PL!HS-bp2-002-SEC,自分の控え室からコスト2以下のメンバーカードを2枚まで手札に加える。\n自分のステージに、このメンバーよりコストの大きいメンバーがいる場合、を得る。
乙宗 梢,ブースターパック NEXT STEP,メンバー,PL!HS-bp2-003-R,手札を1枚控え室に置いてもよい：自分のデッキの上からカードを3枚見る。その中から好きな枚数を好きな順番でデッキの上に置き、残りを控え室に置く。
乙宗 梢,ブースターパック NEXT STEP,メンバー,PL!HS-bp2-003-P,手札を1枚控え室に置いてもよい：自分のデッキの上からカードを3枚見る。その中から好きな枚数を好きな順番でデッキの上に置き、残りを控え室に置く。
夕霧綴理,ブースターパック NEXT STEP,メンバー,PL!HS-bp2-004-R,このメンバーをステージから控え室に置く：自分の控え室からライブカードを1枚手札に加える。
夕霧綴理,ブースターパック NEXT STEP,メンバー,PL!HS-bp2-004-P,このメンバーをステージから控え室に置く：自分の控え室からライブカードを1枚手札に加える。
大沢瑠璃乃,ブースターパック NEXT STEP,メンバー,PL!HS-bp2-005-R＋,手札を1枚控え室に置いてもよい：自分のステージにほかのメンバーがいる場合、自分の控え室から『みらくらぱーく！』のカードを1枚手札に加える。\n支払ってもよい：自分のステージのエリアすべてにメンバーが登場している場合、ライブ終了時まで、を得る。
大沢瑠璃乃,ブースターパック NEXT STEP,メンバー,PL!HS-bp2-005-P,手札を1枚控え室に置いてもよい：自分のステージにほかのメンバーがいる場合、自分の控え室から『みらくらぱーく！』のカードを1枚手札に加える。\n支払ってもよい：自分のステージのエリアすべてにメンバーが登場している場合、ライブ終了時まで、を得る。
大沢瑠璃乃,ブースターパック NEXT STEP,メンバー,PL!HS-bp2-005-P＋,手札を1枚控え室に置いてもよい：自分のステージにほかのメンバーがいる場合、自分の控え室から『みらくらぱーく！』のカードを1枚手札に加える。\n支払ってもよい：自分のステージのエリアすべてにメンバーが登場している場合、ライブ終了時まで、を得る。
大沢瑠璃乃,ブースターパック NEXT STEP,メンバー,PL!HS-bp2-005-SEC,手札を1枚控え室に置いてもよい：自分のステージにほかのメンバーがいる場合、自分の控え室から『みらくらぱーく！』のカードを1枚手札に加える。\n支払ってもよい：自分のステージのエリアすべてにメンバーが登場している場合、ライブ終了時まで、を得る。
藤島 慈,ブースターパック NEXT STEP,メンバー,PL!HS-bp2-006-R,自分のステージにいるメンバーを、それぞれ好きなエリアに移動させてもよい。\n自分のステージにいるほかの『みらくらぱーく！』のメンバー1人につき、を得る。
藤島 慈,ブースターパック NEXT STEP,メンバー,PL!HS-bp2-006-P,自分のステージにいるメンバーを、それぞれ好きなエリアに移動させてもよい。\n自分のステージにいるほかの『みらくらぱーく！』のメンバー1人につき、を得る。
百生 吟子,ブースターパック NEXT STEP,メンバー,PL!HS-bp2-007-R＋,このメンバーよりコストが低い『スリーズブーケ』のメンバーからバトンタッチして登場した場合、自分の控え室から『蓮ノ空』のライブカードを1枚手札に加える。\n手札を1枚控え室に置いてもよい：これにより控え室に置いたカードがメンバーカードの場合、控え室に置いたカードと同じ名前を持つメンバー1人は、ライブ終了時まで、を得る。
百生 吟子,ブースターパック NEXT STEP,メンバー,PL!HS-bp2-007-P,このメンバーよりコストが低い『スリーズブーケ』のメンバーからバトンタッチして登場した場合、自分の控え室から『蓮ノ空』のライブカードを1枚手札に加える。\n手札を1枚控え室に置いてもよい：これにより控え室に置いたカードがメンバーカードの場合、控え室に置いたカードと同じ名前を持つメンバー1人は、ライブ終了時まで、を得る。
百生 吟子,ブースターパック NEXT STEP,メンバー,PL!HS-bp2-007-P＋,このメンバーよりコストが低い『スリーズブーケ』のメンバーからバトンタッチして登場した場合、自分の控え室から『蓮ノ空』のライブカードを1枚手札に加える。\n手札を1枚控え室に置いてもよい：これにより控え室に置いたカードがメンバーカードの場合、控え室に置いたカードと同じ名前を持つメンバー1人は、ライブ終了時まで、を得る。
百生 吟子,ブースターパック NEXT STEP,メンバー,PL!HS-bp2-007-SEC,このメンバーよりコストが低い『スリーズブーケ』のメンバーからバトンタッチして登場した場合、自分の控え室から『蓮ノ空』のライブカードを1枚手札に加える。\n手札を1枚控え室に置いてもよい：これにより控え室に置いたカードがメンバーカードの場合、控え室に置いたカードと同じ名前を持つメンバー1人は、ライブ終了時まで、を得る。
徒町 小鈴,ブースターパック NEXT STEP,メンバー,PL!HS-bp2-008-R,このメンバーよりコストが低い『DOLLCHESTRA』のメンバーからバトンタッチして登場した場合、ライブ終了時まで、を得る。
徒町 小鈴,ブースターパック NEXT STEP,メンバー,PL!HS-bp2-008-P,このメンバーよりコストが低い『DOLLCHESTRA』のメンバーからバトンタッチして登場した場合、ライブ終了時まで、を得る。
安養寺 姫芽,ブースターパック NEXT STEP,メンバー,PL!HS-bp2-009-R,支払ってもよい：このメンバーよりコストが低い『みらくらぱーく！』のメンバーからバトンタッチして登場した場合、ライブ終了時まで、を得る。
安養寺 姫芽,ブースターパック NEXT STEP,メンバー,PL!HS-bp2-009-P,支払ってもよい：このメンバーよりコストが低い『みらくらぱーく！』のメンバーからバトンタッチして登場した場合、ライブ終了時まで、を得る。
日野下花帆,ブースターパック NEXT STEP,メンバー,PL!HS-bp2-010-N,手札を1枚控え室に置いてもよい：自分のデッキの上からカードを5枚見る。その中からメンバーカードを1枚公開して手札に加えてもよい。残りを控え室に置く。
村野さやか,ブースターパック NEXT STEP,メンバー,PL!HS-bp2-011-N,デッキの上からカードを5枚控え室に置く。
乙宗 梢,ブースターパック NEXT STEP,メンバー,PL!HS-bp2-012-N,このメンバーがステージから控え室に置かれたとき、自分のデッキの上からカードを5枚見る。その中からメンバーカードを1枚公開して手札に加えてもよい。残りを控え室に置く。
夕霧綴理,ブースターパック NEXT STEP,メンバー,PL!HS-bp2-013-N,このメンバーがステージから控え室に置かれたとき、自分のデッキの上からカードを5枚見る。その中からライブカードを1枚公開して手札に加えてもよい。残りを控え室に置く。
大沢瑠璃乃,ブースターパック NEXT STEP,メンバー,PL!HS-bp2-014-N,カードを1枚引く。ライブ終了時まで、自分はライブできない。
藤島 慈,ブースターパック NEXT STEP,メンバー,PL!HS-bp2-015-N,このメンバーがステージから控え室に置かれたとき、カードを2枚引き、手札を1枚控え室に置く。
百生 吟子,ブースターパック NEXT STEP,メンバー,PL!HS-bp2-016-N,自分のデッキの上からカードを2枚見る。その中から好きな枚数を好きな順番でデッキの上に置き、残りを控え室に置く。
徒町 小鈴,ブースターパック NEXT STEP,メンバー,PL!HS-bp2-017-N,自分の控え室にカードが10枚以上ある場合、カードを1枚引く。
安養寺 姫芽,ブースターパック NEXT STEP,メンバー,PL!HS-bp2-018-N,自分のメインフェイズの場合、支払ってもよい：自分の控え室からライブカードを1枚、表向きでライブカード置き場に置く。次のライブカードセットフェイズで自分がライブカード置き場に置けるカード枚数の上限が1枚減る。
""Bloom the smile,ブースターパック NEXT STEP,ライブ,PL!HS-bp2-019-L,自分のステージに『蓮ノ空』のメンバーがいる場合、このカードを成功させるための必要ハートは、か、か、のうち、選んだ1つにしてもよい。
Link to the FUTURE,ブースターパック NEXT STEP,ライブ,PL!HS-bp2-020-L,すべての領域にあるこのカードは『スリーズブーケ』、『DOLLCHESTRA』、『みらくらぱーく！』として扱う。\n自分のステージにいる名前の異なる『蓮ノ空』のメンバー1人につき、このカードのスコアを＋２する。
眩耀夜行,ブースターパック NEXT STEP,ライブ,PL!HS-bp2-021-L,自分のステージに、このターン中にバトンタッチして登場した『蓮ノ空』のメンバーが2人以上いる場合、このカードを成功させるための必要ハートを減らす。
アオクハルカ,ブースターパック NEXT STEP,ライブ,PL!HS-bp2-022-L,自分の控え室に『スリーズブーケ』のライブカードが3枚以上ある場合、このカードのスコアを＋１する。
Mirage Voyage,ブースターパック NEXT STEP,ライブ,PL!HS-bp2-023-L,自分のステージに、このターン中にバトンタッチして登場した『蓮ノ空』のメンバーが2人以上いる場合、このカードを成功させるための必要ハートを減らす。
レディバグ,ブースターパック NEXT STEP,ライブ,PL!HS-bp2-024-L,自分のステージに「徒町小鈴」が登場しており、かつ「徒町小鈴」よりコストの大きい「村野さやか」が登場している場合、このカードを成功させるための必要ハートを減らす。
ココン東西,ブースターパック NEXT STEP,ライブ,PL!HS-bp2-025-L,自分のステージに、このターン中にバトンタッチして登場した『蓮ノ空』のメンバーが2人以上いる場合、このカードを成功させるための必要ハートを減らす。
みらくりえーしょん,ブースターパック NEXT STEP,ライブ,PL!HS-bp2-026-L,自分のステージの右サイドエリアに「大沢瑠璃乃」が、左サイドエリアに「安養寺姫芽」が、センターエリアに「藤島 慈」がそれぞれ登場している場合、このカードのスコアを＋２する。
村野さやか,ブースターパック NEXT STEP,エネルギー,PL!HS-bp2-027-SECE,効果なし
大沢瑠璃乃,ブースターパック NEXT STEP,エネルギー,PL!HS-bp2-028-SECE,効果なし
百生 吟子,ブースターパック NEXT STEP,エネルギー,PL!HS-bp2-029-SECE,効果なし
MURANO SAYAKA,ブースターパック NEXT STEP,エネルギー,PL!HS-bp2-030-PE,効果なし
MURANO SAYAKA,ブースターパック NEXT STEP,エネルギー,PL!HS-bp2-030-PE＋,効果なし
OSAWA RURINO,ブースターパック NEXT STEP,エネルギー,PL!HS-bp2-031-PE,効果なし
OSAWA RURINO,ブースターパック NEXT STEP,エネルギー,PL!HS-bp2-031-PE＋,効果なし
MOMOSE GINKO,ブースターパック NEXT STEP,エネルギー,PL!HS-bp2-032-PE,効果なし
MOMOSE GINKO,ブースターパック NEXT STEP,エネルギー,PL!HS-bp2-032-PE＋,効果なし
KACHIMACHI KOSUZU,ブースターパック NEXT STEP,エネルギー,PL!HS-bp2-033-PE,効果なし
KACHIMACHI KOSUZU,ブースターパック NEXT STEP,エネルギー,PL!HS-bp2-033-PE＋,効果なし
,ブースターパック NEXT STEP,エネルギー,PL!HS-bp2-100-LLE,効果なし
,ブースターパック NEXT STEP,エネルギー,PL!HS-bp2-200-LLE,効果なし
渡辺 曜&鬼塚夏美&大沢瑠璃乃,ブースターパック NEXT STEP,メンバー,LL-bp2-001-R＋,手札にあるこのメンバーカードのコストは、このカード以外の自分の手札1枚につき、1少なくなる。\nこのメンバーはバトンタッチで控え室に置けない。\n手札の「渡辺 曜」と「鬼塚夏美」と「大沢瑠璃乃」を、好きな枚数控え室に置いてもよい：ライブ終了時まで、これによって控え室に置いた枚数1枚につき、を得る。\n（手札のこのカードもこの効果で控え室に置ける。）
Starlight Prologue,プレミアムブースター ラブライブ！スーパースター!!,ライブ,PL!SP-bp1-025-L＋,効果なし
澁谷かのん,プレミアムブースター ラブライブ！スーパースター!!,メンバー,PL!SP-pb1-001-R,支払わないかぎり、自分の手札を2枚控え室に置く。\n支払ってもよい：ライブの合計スコアを＋１する。
澁谷かのん,プレミアムブースター ラブライブ！スーパースター!!,メンバー,PL!SP-pb1-001-P＋,支払わないかぎり、自分の手札を2枚控え室に置く。\n支払ってもよい：ライブの合計スコアを＋１する。
唐 可可,プレミアムブースター ラブライブ！スーパースター!!,メンバー,PL!SP-pb1-002-R,自分のエネルギーが12枚以上ある場合、ライブの合計スコアを＋１する。
唐 可可,プレミアムブースター ラブライブ！スーパースター!!,メンバー,PL!SP-pb1-002-P＋,自分のエネルギーが12枚以上ある場合、ライブの合計スコアを＋１する。
嵐 千砂都,プレミアムブースター ラブライブ！スーパースター!!,メンバー,PL!SP-pb1-003-R,自分のステージにいるメンバーが『5yncri5e!』のみの場合、自分と対戦相手は、センターエリアのメンバーを左サイドエリアに、左サイドエリアのメンバーを右サイドエリアに、右サイドエリアのメンバーをセンターエリアに、それぞれ移動させる。
嵐 千砂都,プレミアムブースター ラブライブ！スーパースター!!,メンバー,PL!SP-pb1-003-P＋,自分のステージにいるメンバーが『5yncri5e!』のみの場合、自分と対戦相手は、センターエリアのメンバーを左サイドエリアに、左サイドエリアのメンバーを右サイドエリアに、右サイドエリアのメンバーをセンターエリアに、それぞれ移動させる。
平安名すみれ,プレミアムブースター ラブライブ！スーパースター!!,メンバー,PL!SP-pb1-004-R,支払ってもよい：自分のエネルギーデッキから、エネルギーカードを1枚ウェイト状態で置く。\n支払ってもよい：カードを1枚引く。
平安名すみれ,プレミアムブースター ラブライブ！スーパースター!!,メンバー,PL!SP-pb1-004-P＋,支払ってもよい：自分のエネルギーデッキから、エネルギーカードを1枚ウェイト状態で置く。\n支払ってもよい：カードを1枚引く。
葉月 恋,プレミアムブースター ラブライブ！スーパースター!!,メンバー,PL!SP-pb1-005-R,自分のエネルギーデッキから、エネルギーカードを1枚ウェイト状態で置く。
葉月 恋,プレミアムブースター ラブライブ！スーパースター!!,メンバー,PL!SP-pb1-005-P＋,自分のエネルギーデッキから、エネルギーカードを1枚ウェイト状態で置く。
桜小路きな子,プレミアムブースター ラブライブ！スーパースター!!,メンバー,PL!SP-pb1-006-R,このメンバーが登場か、エリアを移動するたび、ライブ終了時まで、を得る。\n(対戦相手のカードの効果でも発動する。)
桜小路きな子,プレミアムブースター ラブライブ！スーパースター!!,メンバー,PL!SP-pb1-006-P＋,このメンバーが登場か、エリアを移動するたび、ライブ終了時まで、を得る。\n(対戦相手のカードの効果でも発動する。)
米女メイ,プレミアムブースター ラブライブ！スーパースター!!,メンバー,PL!SP-pb1-007-R,エネルギーを2枚アクティブにする。
米女メイ,プレミアムブースター ラブライブ！スーパースター!!,メンバー,PL!SP-pb1-007-P＋,エネルギーを2枚アクティブにする。
若菜四季,プレミアムブースター ラブライブ！スーパースター!!,メンバー,PL!SP-pb1-008-R,カードを1枚引く。その後、登場したエリアとは別の自分のエリア1つを選ぶ。このメンバーをそのエリアに移動する。選んだエリアにメンバーがいる場合、そのメンバーは、このメンバーがいたエリアに移動させる。
若菜四季,プレミアムブースター ラブライブ！スーパースター!!,メンバー,PL!SP-pb1-008-P＋,カードを1枚引く。その後、登場したエリアとは別の自分のエリア1つを選ぶ。このメンバーをそのエリアに移動する。選んだエリアにメンバーがいる場合、そのメンバーは、このメンバーがいたエリアに移動させる。
鬼塚夏美,プレミアムブースター ラブライブ！スーパースター!!,メンバー,PL!SP-pb1-009-R,自分のステージにほかの『5yncri5e!』のメンバーがいる場合、カードを1枚引く。
鬼塚夏美,プレミアムブースター ラブライブ！スーパースター!!,メンバー,PL!SP-pb1-009-P＋,自分のステージにほかの『5yncri5e!』のメンバーがいる場合、カードを1枚引く。
ウィーン・マルガレーテ,プレミアムブースター ラブライブ！スーパースター!!,メンバー,PL!SP-pb1-010-R,自分のエネルギーが10枚以上ある場合、ステージにいるこのメンバーのコストを＋４する。
ウィーン・マルガレーテ,プレミアムブースター ラブライブ！スーパースター!!,メンバー,PL!SP-pb1-010-P＋,自分のエネルギーが10枚以上ある場合、ステージにいるこのメンバーのコストを＋４する。
鬼塚冬毬,プレミアムブースター ラブライブ！スーパースター!!,メンバー,PL!SP-pb1-011-R,「鬼塚冬毬」以外の『Liella!』のメンバー1人をステージから控え室に置いてもよい：自分の控え室から、これにより控え室に置いたメンバーカードを1枚、そのメンバーがいたエリアに登場させる。
鬼塚冬毬,プレミアムブースター ラブライブ！スーパースター!!,メンバー,PL!SP-pb1-011-P＋,「鬼塚冬毬」以外の『Liella!』のメンバー1人をステージから控え室に置いてもよい：自分の控え室から、これにより控え室に置いたメンバーカードを1枚、そのメンバーがいたエリアに登場させる。
澁谷かのん,プレミアムブースター ラブライブ！スーパースター!!,メンバー,PL!SP-pb1-012-N,効果なし
唐 可可,プレミアムブースター ラブライブ！スーパースター!!,メンバー,PL!SP-pb1-013-N,効果なし
嵐 千砂都,プレミアムブースター ラブライブ！スーパースター!!,メンバー,PL!SP-pb1-014-N,効果なし
平安名すみれ,プレミアムブースター ラブライブ！スーパースター!!,メンバー,PL!SP-pb1-015-N,手札を1枚控え室に置いてもよい：自分のデッキの上からカードを5枚見る。その中から『CatChu!』のカードを1枚公開して手札に加えてもよい。残りを控え室に置く。
葉月 恋,プレミアムブースター ラブライブ！スーパースター!!,メンバー,PL!SP-pb1-016-N,手札を1枚控え室に置いてもよい：自分のデッキの上からカードを5枚見る。その中から『KALEIDOSCORE』のカードを1枚公開して手札に加えてもよい。残りを控え室に置く。
桜小路きな子,プレミアムブースター ラブライブ！スーパースター!!,メンバー,PL!SP-pb1-017-N,手札を1枚控え室に置いてもよい：自分のデッキの上からカードを5枚見る。その中から『5yncri5e!』のカードを1枚公開して手札に加えてもよい。残りを控え室に置く。
米女メイ,プレミアムブースター ラブライブ！スーパースター!!,メンバー,PL!SP-pb1-018-N,このメンバーをステージから控え室に置く：自分の控え室からライブカードを1枚手札に加える。
若菜四季,プレミアムブースター ラブライブ！スーパースター!!,メンバー,PL!SP-pb1-019-N,効果なし
鬼塚夏美,プレミアムブースター ラブライブ！スーパースター!!,メンバー,PL!SP-pb1-020-N,このメンバーがエリアを移動するたび、カードを1枚引く。\n(対戦相手のカードの効果でも発動する。)
ウィーン・マルガレーテ,プレミアムブースター ラブライブ！スーパースター!!,メンバー,PL!SP-pb1-021-N,このメンバーをステージから控え室に置く：自分の控え室からメンバーカードを1枚手札に加える。
鬼塚冬毬,プレミアムブースター ラブライブ！スーパースター!!,メンバー,PL!SP-pb1-022-N,効果なし
ディストーション,プレミアムブースター ラブライブ！スーパースター!!,ライブ,PL!SP-pb1-023-L,自分のステージに名前の異なる『CatChu!』のメンバーが2人以上いる場合、エネルギーを6枚までアクティブにする。その後、自分のエネルギーがすべてアクティブ状態の場合、このカードのスコアを＋１する。
ニュートラル,プレミアムブースター ラブライブ！スーパースター!!,ライブ,PL!SP-pb1-024-L,自分のステージに名前の異なる『KALEIDOSCORE』のメンバーが2人以上いる場合、このカードのスコアを＋１する。
Jellyfish,プレミアムブースター ラブライブ！スーパースター!!,ライブ,PL!SP-pb1-025-L,自分のステージにいる、このターン中に登場、またはエリアを移動した『5yncri5e!』のメンバー1人につき、このカードを成功させるための必要ハートを減らす。
Jump Into the New World,プレミアムブースター ラブライブ！スーパースター!!,ライブ,PL!SP-pb1-026-L,効果なし
Jump Into the New World,プレミアムブースター ラブライブ！スーパースター!!,ライブ,PL!SP-pb1-026-L＋,効果なし
澁谷かのん,プレミアムブースター ラブライブ！スーパースター!!,エネルギー,PL!SP-pb1-027-PE,効果なし
澁谷かのん,プレミアムブースター ラブライブ！スーパースター!!,エネルギー,PL!SP-pb1-027-PE＋,効果なし
唐 可可,プレミアムブースター ラブライブ！スーパースター!!,エネルギー,PL!SP-pb1-028-PE,効果なし
唐 可可,プレミアムブースター ラブライブ！スーパースター!!,エネルギー,PL!SP-pb1-028-PE＋,効果なし
嵐 千砂都,プレミアムブースター ラブライブ！スーパースター!!,エネルギー,PL!SP-pb1-029-PE,効果なし
嵐 千砂都,プレミアムブースター ラブライブ！スーパースター!!,エネルギー,PL!SP-pb1-029-PE＋,効果なし
平安名すみれ,プレミアムブースター ラブライブ！スーパースター!!,エネルギー,PL!SP-pb1-030-PE,効果なし
平安名すみれ,プレミアムブースター ラブライブ！スーパースター!!,エネルギー,PL!SP-pb1-030-PE＋,効果なし
葉月 恋,プレミアムブースター ラブライブ！スーパースター!!,エネルギー,PL!SP-pb1-031-PE,効果なし
葉月 恋,プレミアムブースター ラブライブ！スーパースター!!,エネルギー,PL!SP-pb1-031-PE＋,効果なし
桜小路きな子,プレミアムブースター ラブライブ！スーパースター!!,エネルギー,PL!SP-pb1-032-PE,効果なし
桜小路きな子,プレミアムブースター ラブライブ！スーパースター!!,エネルギー,PL!SP-pb1-032-PE＋,効果なし
米女メイ,プレミアムブースター ラブライブ！スーパースター!!,エネルギー,PL!SP-pb1-033-PE,効果なし
米女メイ,プレミアムブースター ラブライブ！スーパースター!!,エネルギー,PL!SP-pb1-033-PE＋,効果なし
若菜四季,プレミアムブースター ラブライブ！スーパースター!!,エネルギー,PL!SP-pb1-034-PE,効果なし
若菜四季,プレミアムブースター ラブライブ！スーパースター!!,エネルギー,PL!SP-pb1-034-PE＋,効果なし
鬼塚夏美,プレミアムブースター ラブライブ！スーパースター!!,エネルギー,PL!SP-pb1-035-PE,効果なし
鬼塚夏美,プレミアムブースター ラブライブ！スーパースター!!,エネルギー,PL!SP-pb1-035-PE＋,効果なし
ウィーン・マルガレーテ,プレミアムブースター ラブライブ！スーパースター!!,エネルギー,PL!SP-pb1-036-PE,効果なし
ウィーン・マルガレーテ,プレミアムブースター ラブライブ！スーパースター!!,エネルギー,PL!SP-pb1-036-PE＋,効果なし
鬼塚冬毬,プレミアムブースター ラブライブ！スーパースター!!,エネルギー,PL!SP-pb1-037-PE,効果なし
鬼塚冬毬,プレミアムブースター ラブライブ！スーパースター!!,エネルギー,PL!SP-pb1-037-PE＋,効果なし
澁谷かのん＆嵐 千砂都,プレミアムブースター ラブライブ！スーパースター!!,エネルギー,PL!SP-pb1-038-SRE,効果なし
唐 可可,プレミアムブースター ラブライブ！スーパースター!!,エネルギー,PL!SP-pb1-039-SRE,効果なし
平安名すみれ＆葉月 恋,プレミアムブースター ラブライブ！スーパースター!!,エネルギー,PL!SP-pb1-040-SRE,効果なし
桜小路きな子＆鬼塚夏美,プレミアムブースター ラブライブ！スーパースター!!,エネルギー,PL!SP-pb1-041-SRE,効果なし
米女メイ＆若菜四季,プレミアムブースター ラブライブ！スーパースター!!,エネルギー,PL!SP-pb1-042-SRE,効果なし
マルガレーテ＆鬼塚冬毬,プレミアムブースター ラブライブ！スーパースター!!,エネルギー,PL!SP-pb1-043-SRE,効果なし
澁谷かのん,プレミアムブースター ラブライブ！スーパースター!!,エネルギー,PL!SP-pb1-044-SRE,効果なし
澁谷かのん,プレミアムブースター ラブライブ！スーパースター!!,エネルギー,PL!SP-pb1-044-SECE,効果なし
1st,プレミアムブースター ラブライブ！スーパースター!!,エネルギー,PL!SP-pb1-100-LLE,効果なし
2nd,プレミアムブースター ラブライブ！スーパースター!!,エネルギー,PL!SP-pb1-200-LLE,効果なし
3rd,プレミアムブースター ラブライブ！スーパースター!!,エネルギー,PL!SP-pb1-300-LLE,効果なし
4th,プレミアムブースター ラブライブ！スーパースター!!,エネルギー,PL!SP-pb1-400-LLE,効果なし
5th,プレミアムブースター ラブライブ！スーパースター!!,エネルギー,PL!SP-pb1-500-LLE,効果なし
柊 摩央&聖澤悠奈,プレミアムブースター ラブライブ！スーパースター!!,エネルギー,PL!SP-pb1-045-SRE,効果なし
柊 摩央&聖澤悠奈,プレミアムブースター ラブライブ！スーパースター!!,エネルギー,PL!SP-pb1-046-SRE,効果なし
柊 摩央&聖澤悠奈,プレミアムブースター ラブライブ！スーパースター!!,エネルギー,PL!SP-pb1-047-SRE,効果なし
柊 摩央,プレミアムブースター ラブライブ！スーパースター!!,エネルギー,PL!SP-pb1-048-SRE,効果なし
聖澤悠奈,プレミアムブースター ラブライブ！スーパースター!!,エネルギー,PL!SP-pb1-049-SRE,効果なし
-,プレミアムブースター ラブライブ！スーパースター!!,エネルギー,PL!SP-pb1-050-SRE,効果なし
-,プレミアムブースター ラブライブ！スーパースター!!,エネルギー,PL!SP-pb1-051-SRE,効果なし
-,プレミアムブースター ラブライブ！スーパースター!!,エネルギー,PL!SP-pb1-052-SRE,効果なし
-,プレミアムブースター ラブライブ！スーパースター!!,エネルギー,PL!SP-pb1-053-SRE,効果なし
-,プレミアムブースター ラブライブ！スーパースター!!,エネルギー,PL!SP-pb1-054-SRE,効果なし
,PRカード,エネルギー,LL-PR-001-PR,効果なし
上原歩夢&澁谷かのん&日野下花帆,ブースターパック vol.1,メンバー,LL-bp1-001-R＋,自分の控え室からメンバーカードを1枚手札に加える。\n手札の「上原歩夢」と「澁谷かのん」と「日野下花帆」を、好きな組み合わせで合計3枚、控え室に置いてもよい：ライブ終了時まで、「ライブの合計スコアを＋３する。」を得る。\n（手札のこのカードもこの効果で控え室に置ける。）
高坂穂乃果,ブースターパック vol.1,エネルギー,PL!-bp1-000-LLE,効果なし
エネルギー(無地)(水色),PRカード,エネルギー,LL-E-004-PR,効果なし
高海千歌,ブースターパック vol.1,エネルギー,PL!S-bp1-000-LLE,効果なし
,PRカード,エネルギー,PL!S-PR-001-PR,効果なし
高海千歌,PRカード,エネルギー,PL!S-PR-002-PR,効果なし
桜内梨子,PRカード,エネルギー,PL!S-PR-003-PR,効果なし
松浦果南,PRカード,エネルギー,PL!S-PR-004-PR,効果なし
黒澤ダイヤ,PRカード,エネルギー,PL!S-PR-005-PR,効果なし
渡辺 曜,PRカード,エネルギー,PL!S-PR-006-PR,効果なし
津島善子,PRカード,エネルギー,PL!S-PR-007-PR,効果なし
国木田花丸,PRカード,エネルギー,PL!S-PR-008-PR,効果なし
小原鞠莉,PRカード,エネルギー,PL!S-PR-009-PR,効果なし
黒澤ルビィ,PRカード,エネルギー,PL!S-PR-010-PR,効果なし
高海千歌＆桜内梨子＆松浦果南＆黒澤ダイヤ,PRカード,エネルギー,PL!S-PR-011-PR＋,効果なし
渡辺 曜＆津島善子＆国木田花丸＆小原鞠莉＆黒澤ルビィ,PRカード,エネルギー,PL!S-PR-012-PR＋,効果なし
高海千歌,PRカード,メンバー,PL!S-PR-013-PR,手札を1枚控え室に置いてもよい：自分のデッキの上からカードを3枚見る。その中から1枚を手札に加え、残りを控え室に置く。支払ってもよい：ライブ終了時まで、を得る。
桜内梨子,PRカード,メンバー,PL!S-PR-014-PR,効果なし
松浦果南,PRカード,メンバー,PL!S-PR-015-PR,効果なし
黒澤ダイヤ,PRカード,メンバー,PL!S-PR-016-PR,ライブ終了時まで、を得る。
渡辺 曜,PRカード,メンバー,PL!S-PR-017-PR,効果なし
津島善子,PRカード,メンバー,PL!S-PR-018-PR,効果なし
国木田花丸,PRカード,メンバー,PL!S-PR-019-PR,手札を1枚控え室に置いてもよい：自分のデッキの上からカードを3枚見る。その中から1枚を手札に加え、残りを控え室に置く。支払ってもよい：ライブ終了時まで、を得る。
小原鞠莉,PRカード,メンバー,PL!S-PR-020-PR,ライブ終了時まで、を得る。
黒澤ルビィ,PRカード,メンバー,PL!S-PR-021-PR,ライブ終了時まで、を得る。
HAPPY PARTY TRAIN,PRカード,ライブ,PL!S-PR-022-PR,効果なし
恋になりたいAQUARIUM,PRカード,ライブ,PL!S-PR-023-PR,効果なし
勇気はどこに?君の胸に!,PRカード,ライブ,PL!S-PR-024-PR,効果なし
高海千歌,PRカード,メンバー,PL!S-PR-025-PR,このメンバーをステージから控え室に置く：自分の控え室からメンバーカードを1枚手札に加える。
桜内梨子,PRカード,メンバー,PL!S-PR-026-PR,このメンバーをステージから控え室に置く：自分の控え室からライブカードを1枚手札に加える。
松浦果南,PRカード,メンバー,PL!S-PR-027-PR,このメンバーをステージから控え室に置く：自分の控え室からメンバーカードを1枚手札に加える。
黒澤ダイヤ,PRカード,メンバー,PL!S-PR-028-PR,自分のデッキの上からカードを3枚見る。その中から好きな枚数を好きな順番でデッキの上に置き、残りを控え室に置く。
渡辺 曜,PRカード,メンバー,PL!S-PR-029-PR,自分か相手のステージにコスト13以上のメンバーがいる場合、  を得る。
津島善子,PRカード,メンバー,PL!S-PR-030-PR,自分か相手のステージにコスト13以上のメンバーがいる場合、  を得る。
国木田花丸,PRカード,メンバー,PL!S-PR-031-PR,自分か相手のステージにコスト13以上のメンバーがいる場合、  を得る。
小原鞠莉,PRカード,メンバー,PL!S-PR-032-PR,自分のデッキの上からカードを3枚見る。その中から好きな枚数を好きな順番でデッキの上に置き、残りを控え室に置く。
黒澤ルビィ,PRカード,メンバー,PL!S-PR-033-PR,自分のデッキの上からカードを3枚見る。その中から好きな枚数を好きな順番でデッキの上に置き、残りを控え室に置く。
,PRカード,エネルギー,PL!S-PR-034-PR2,効果なし
,PRカード,エネルギー,PL!S-PR-035-PR,効果なし
,PRカード,エネルギー,PYHN-PR-001-PR,効果なし
エネルギー(無地),スタートデッキ ラブライブ！虹ヶ咲学園スクールアイドル同好会,エネルギー,LL-E-003-SD,効果なし
上原歩夢,ブースターパック vol.1,エネルギー,PL!N-bp1-000-LLE,効果なし
上原歩夢,ブースターパック vol.1,メンバー,PL!N-bp1-001-R,支払ってもよい：ライブ終了時まで、を得る。
上原歩夢,ブースターパック vol.1,メンバー,PL!N-bp1-001-P,支払ってもよい：ライブ終了時まで、を得る。
中須かすみ,ブースターパック vol.1,メンバー,PL!N-bp1-002-R＋,自分のデッキの上からカードを3枚見る。その中から好きな枚数を好きな順番でデッキの上に置き、残りを控え室に置く。\n手札を1枚控え室に置く：このカードを控え室からステージに登場させる。この能力は、このカードが控え室にある場合のみ起動できる。
中須かすみ,ブースターパック vol.1,メンバー,PL!N-bp1-002-P,自分のデッキの上からカードを3枚見る。その中から好きな枚数を好きな順番でデッキの上に置き、残りを控え室に置く。\n手札を1枚控え室に置く：このカードを控え室からステージに登場させる。この能力は、このカードが控え室にある場合のみ起動できる。
中須かすみ,ブースターパック vol.1,メンバー,PL!N-bp1-002-P＋,自分のデッキの上からカードを3枚見る。その中から好きな枚数を好きな順番でデッキの上に置き、残りを控え室に置く。\n手札を1枚控え室に置く：このカードを控え室からステージに登場させる。この能力は、このカードが控え室にある場合のみ起動できる。
中須かすみ,ブースターパック vol.1,メンバー,PL!N-bp1-002-SEC,自分のデッキの上からカードを3枚見る。その中から好きな枚数を好きな順番でデッキの上に置き、残りを控え室に置く。\n手札を1枚控え室に置く：このカードを控え室からステージに登場させる。この能力は、このカードが控え室にある場合のみ起動できる。
桜坂しずく,ブースターパック vol.1,メンバー,PL!N-bp1-003-R＋,手札を1枚控え室に置いてもよい：自分の控え室から『虹ヶ咲』のライブカードを1枚手札に加える。\n支払ってもよい：好きなハートの色を1つ指定する。ライブ終了時まで、そのハートを1つ得る。
桜坂しずく,ブースターパック vol.1,メンバー,PL!N-bp1-003-P,手札を1枚控え室に置いてもよい：自分の控え室から『虹ヶ咲』のライブカードを1枚手札に加える。\n支払ってもよい：好きなハートの色を1つ指定する。ライブ終了時まで、そのハートを1つ得る。
桜坂しずく,ブースターパック vol.1,メンバー,PL!N-bp1-003-P＋,手札を1枚控え室に置いてもよい：自分の控え室から『虹ヶ咲』のライブカードを1枚手札に加える。\n支払ってもよい：好きなハートの色を1つ指定する。ライブ終了時まで、そのハートを1つ得る。
桜坂しずく,ブースターパック vol.1,メンバー,PL!N-bp1-003-SEC,手札を1枚控え室に置いてもよい：自分の控え室から『虹ヶ咲』のライブカードを1枚手札に加える。\n支払ってもよい：好きなハートの色を1つ指定する。ライブ終了時まで、そのハートを1つ得る。
朝香果林,ブースターパック vol.1,メンバー,PL!N-bp1-004-R,自分のステージにほかの『虹ヶ咲』のメンバーがいる場合、エネルギーを1枚アクティブにする。
朝香果林,ブースターパック vol.1,メンバー,PL!N-bp1-004-P,自分のステージにほかの『虹ヶ咲』のメンバーがいる場合、エネルギーを1枚アクティブにする。
宮下 愛,ブースターパック vol.1,メンバー,PL!N-bp1-005-R,手札を1枚控え室に置いてもよい：ライブ終了時まで、を得る。
宮下 愛,ブースターパック vol.1,メンバー,PL!N-bp1-005-P,手札を1枚控え室に置いてもよい：ライブ終了時まで、を得る。
近江彼方,ブースターパック vol.1,メンバー,PL!N-bp1-006-R＋,手札を1枚控え室に置く：このターン、自分のステージに『虹ヶ咲』のメンバーが登場している場合、エネルギーを2枚アクティブにする。\n：カードを1枚引く。
近江彼方,ブースターパック vol.1,メンバー,PL!N-bp1-006-P,手札を1枚控え室に置く：このターン、自分のステージに『虹ヶ咲』のメンバーが登場している場合、エネルギーを2枚アクティブにする。\n：カードを1枚引く。
近江彼方,ブースターパック vol.1,メンバー,PL!N-bp1-006-P＋,手札を1枚控え室に置く：このターン、自分のステージに『虹ヶ咲』のメンバーが登場している場合、エネルギーを2枚アクティブにする。\n：カードを1枚引く。
近江彼方,ブースターパック vol.1,メンバー,PL!N-bp1-006-SEC,手札を1枚控え室に置く：このターン、自分のステージに『虹ヶ咲』のメンバーが登場している場合、エネルギーを2枚アクティブにする。\n：カードを1枚引く。
優木せつ菜,ブースターパック vol.1,メンバー,PL!N-bp1-007-R,手札を1枚控え室に置いてもよい：自分のデッキの上からカードを3枚見る。その中から1枚を手札に加え、残りを控え室に置く。
優木せつ菜,ブースターパック vol.1,メンバー,PL!N-bp1-007-P,手札を1枚控え室に置いてもよい：自分のデッキの上からカードを3枚見る。その中から1枚を手札に加え、残りを控え室に置く。
エマ・ヴェルデ,ブースターパック vol.1,メンバー,PL!N-bp1-008-R,手札のメンバーカードを1枚控え室に置く：自分の控え室から、これにより控え室に置いたメンバーカードより、コストの低いメンバーカードを1枚手札に加える。
エマ・ヴェルデ,ブースターパック vol.1,メンバー,PL!N-bp1-008-P,手札のメンバーカードを1枚控え室に置く：自分の控え室から、これにより控え室に置いたメンバーカードより、コストの低いメンバーカードを1枚手札に加える。
天王寺璃奈,ブースターパック vol.1,メンバー,PL!N-bp1-009-R,手札を1枚控え室に置いてもよい：自分のデッキの上からカードを2枚控え室に置く。その後、自分の控え室からメンバーカードを1枚手札に加える。
天王寺璃奈,ブースターパック vol.1,メンバー,PL!N-bp1-009-P,手札を1枚控え室に置いてもよい：自分のデッキの上からカードを2枚控え室に置く。その後、自分の控え室からメンバーカードを1枚手札に加える。
三船栞子,ブースターパック vol.1,メンバー,PL!N-bp1-010-R,手札を1枚控え室に置いてもよい：自分のデッキの上からカードを3枚見る。その中から1枚を手札に加え、残りを控え室に置く。
三船栞子,ブースターパック vol.1,メンバー,PL!N-bp1-010-P,手札を1枚控え室に置いてもよい：自分のデッキの上からカードを3枚見る。その中から1枚を手札に加え、残りを控え室に置く。
ミア・テイラー,ブースターパック vol.1,メンバー,PL!N-bp1-011-R,手札を1枚控え室に置いてもよい：ライブカードが公開されるまで、自分のデッキの一番上のカードを公開し続ける。そのライブカードを手札に加え、これにより公開されたほかのすべてのカードを控え室に置く。
ミア・テイラー,ブースターパック vol.1,メンバー,PL!N-bp1-011-P,手札を1枚控え室に置いてもよい：ライブカードが公開されるまで、自分のデッキの一番上のカードを公開し続ける。そのライブカードを手札に加え、これにより公開されたほかのすべてのカードを控え室に置く。
鐘 嵐珠,ブースターパック vol.1,メンバー,PL!N-bp1-012-R＋,自分のライブ中のカードが3枚以上あり、その中に『虹ヶ咲』のライブカードを1枚以上含む場合、を得る。\n：自分の控え室からライブカードを1枚手札に加える。
鐘 嵐珠,ブースターパック vol.1,メンバー,PL!N-bp1-012-P,自分のライブ中のカードが3枚以上あり、その中に『虹ヶ咲』のライブカードを1枚以上含む場合、を得る。\n：自分の控え室からライブカードを1枚手札に加える。
鐘 嵐珠,ブースターパック vol.1,メンバー,PL!N-bp1-012-P＋,自分のライブ中のカードが3枚以上あり、その中に『虹ヶ咲』のライブカードを1枚以上含む場合、を得る。\n：自分の控え室からライブカードを1枚手札に加える。
鐘 嵐珠,ブースターパック vol.1,メンバー,PL!N-bp1-012-SEC,自分のライブ中のカードが3枚以上あり、その中に『虹ヶ咲』のライブカードを1枚以上含む場合、を得る。\n：自分の控え室からライブカードを1枚手札に加える。
上原歩夢,ブースターパック vol.1,メンバー,PL!N-bp1-013-N,効果なし
中須かすみ,ブースターパック vol.1,メンバー,PL!N-bp1-014-N,カードを1枚引き、手札を1枚控え室に置く。
桜坂しずく,ブースターパック vol.1,メンバー,PL!N-bp1-015-N,カードを1枚引き、手札を1枚控え室に置く。
朝香果林,ブースターパック vol.1,メンバー,PL!N-bp1-016-N,効果なし
宮下 愛,ブースターパック vol.1,メンバー,PL!N-bp1-017-N,効果なし
近江彼方,ブースターパック vol.1,メンバー,PL!N-bp1-018-N,効果なし
優木せつ菜,ブースターパック vol.1,メンバー,PL!N-bp1-019-N,カードを1枚引き、手札を1枚控え室に置く。
優木せつ菜,PRカード,メンバー,PL!N-bp1-019-PR,カードを1枚引き、手札を1枚控え室に置く。
エマ・ヴェルデ,ブースターパック vol.1,メンバー,PL!N-bp1-020-N,効果なし
天王寺璃奈,ブースターパック vol.1,メンバー,PL!N-bp1-021-N,効果なし
三船栞子,ブースターパック vol.1,メンバー,PL!N-bp1-022-N,効果なし
ミア・テイラー,ブースターパック vol.1,メンバー,PL!N-bp1-023-N,効果なし
鐘 嵐珠,ブースターパック vol.1,メンバー,PL!N-bp1-024-N,効果なし
虹色Passions！,ブースターパック vol.1,ライブ,PL!N-bp1-025-L,(必要ハートを確認する時、エールで出たは任意の色のハートとして扱う。)
Poppin' Up!,ブースターパック vol.1,ライブ,PL!N-bp1-026-L,ライブの合計スコアが相手より高い場合、エールにより公開された自分のカードの中から、『虹ヶ咲』のカードを1枚手札に加える。\n(必要ハートを確認する時、エールで出たは任意の色のハートとして扱う。)
Solitude Rain,ブースターパック vol.1,ライブ,PL!N-bp1-027-L,自分のステージにいる『虹ヶ咲』のメンバーが持つ、、、、、のうち1色につき、このカードのスコアを＋１する。\n(エールをすべて行った後、エールで出た1つにつき、カードを1枚引く。)
Butterfly,ブースターパック vol.1,ライブ,PL!N-bp1-028-L,支払ってもよい：自分のステージに『虹ヶ咲』のメンバーがいる場合、このカードのスコアを＋１する。\n(エールをすべて行った後、エールで出た1つにつき、カードを1枚引く。)
Eutopia,ブースターパック vol.1,ライブ,PL!N-bp1-029-L,自分のライブ中のカードが3枚以上ある場合、このカードのスコアを＋２する。\n(エールをすべて行った後、エールで出た1つにつき、カードを1枚引く。)
中須かすみ,ブースターパック vol.1,エネルギー,PL!N-bp1-030-SECE,効果なし
桜坂しずく,ブースターパック vol.1,エネルギー,PL!N-bp1-031-SECE,効果なし
近江彼方,ブースターパック vol.1,エネルギー,PL!N-bp1-032-SECE,効果なし
鐘 嵐珠,ブースターパック vol.1,エネルギー,PL!N-bp1-033-SECE,効果なし
UEHARA AYUMU,ブースターパック vol.1,エネルギー,PL!N-bp1-034-PE,効果なし
UEHARA AYUMU,ブースターパック vol.1,エネルギー,PL!N-bp1-034-PE＋,効果なし
NAKASU KASUMI,ブースターパック vol.1,エネルギー,PL!N-bp1-035-PE,効果なし
NAKASU KASUMI,ブースターパック vol.1,エネルギー,PL!N-bp1-035-PE＋,効果なし
KONOE KANATA,ブースターパック vol.1,エネルギー,PL!N-bp1-036-PE,効果なし
KONOE KANATA,ブースターパック vol.1,エネルギー,PL!N-bp1-036-PE＋,効果なし
TENNOJI RINA,ブースターパック vol.1,エネルギー,PL!N-bp1-037-PE,効果なし
TENNOJI RINA,ブースターパック vol.1,エネルギー,PL!N-bp1-037-PE＋,効果なし
MIA TAYLOR,ブースターパック vol.1,エネルギー,PL!N-bp1-038-PE,効果なし
MIA TAYLOR,ブースターパック vol.1,エネルギー,PL!N-bp1-038-PE＋,効果なし
,PRカード,エネルギー,PL!N-PR-001-PR,効果なし
,PRカード,エネルギー,PL!N-PR-002-PR,効果なし
上原歩夢,PRカード,メンバー,PL!N-PR-003-PR,手札をすべて公開する：自分のステージにほかのメンバーがおり、かつこれにより公開した手札の中にライブカードがない場合、自分のデッキの上からカードを5枚見る。その中からライブカードを1枚公開して手札に加えてもよい。残りを控え室に置く。
中須かすみ,PRカード,メンバー,PL!N-PR-004-PR,手札を1枚控え室に置いてもよい：自分のデッキの上からカードを3枚見る。その中から1枚を手札に加え、残りを控え室に置く。
桜坂しずく,PRカード,メンバー,PL!N-PR-005-PR,カードを2枚引き、手札を2枚控え室に置く。
朝香果林,PRカード,メンバー,PL!N-PR-006-PR,手札を1枚控え室に置いてもよい：自分のデッキの上からカードを3枚見る。その中から1枚を手札に加え、残りを控え室に置く。
宮下 愛,PRカード,メンバー,PL!N-PR-007-PR,カードを2枚引き、手札を2枚控え室に置く。
近江彼方,PRカード,メンバー,PL!N-PR-008-PR,手札をすべて公開する：自分のステージにほかのメンバーがおり、かつこれにより公開した手札の中にライブカードがない場合、自分のデッキの上からカードを5枚見る。その中からライブカードを1枚公開して手札に加えてもよい。残りを控え室に置く。
優木せつ菜,PRカード,メンバー,PL!N-PR-009-PR,このメンバーをステージから控え室に置く：自分の控え室からライブカードを1枚手札に加える。
エマ・ヴェルデ,PRカード,メンバー,PL!N-PR-010-PR,手札をすべて公開する：自分のステージにほかのメンバーがおり、かつこれにより公開した手札の中にライブカードがない場合、自分のデッキの上からカードを5枚見る。その中からライブカードを1枚公開して手札に加えてもよい。残りを控え室に置く。
天王寺璃奈,PRカード,メンバー,PL!N-PR-011-PR,カードを2枚引き、手札を2枚控え室に置く。
三船栞子,PRカード,メンバー,PL!N-PR-012-PR,このメンバーをステージから控え室に置く：自分の控え室からライブカードを1枚手札に加える。
ミア・テイラー,PRカード,メンバー,PL!N-PR-013-PR,手札を1枚控え室に置いてもよい：自分のデッキの上からカードを3枚見る。その中から1枚を手札に加え、残りを控え室に置く。
鐘 嵐珠,PRカード,メンバー,PL!N-PR-014-PR,このメンバーをステージから控え室に置く：自分の控え室からライブカードを1枚手札に加える。
,PRカード,エネルギー,PL!N-PR-015-PR＋,効果なし
上原歩夢,スタートデッキ ラブライブ！虹ヶ咲学園スクールアイドル同好会,メンバー,PL!N-sd1-001-SD,自分のデッキの上からカードを5枚見る。その中から『虹ヶ咲』のライブカードを1枚まで公開して手札に加えてもよい。残りを控え室に置く。\n支払ってもよい：ライブ終了時まで、自分のステージにいるほかの『虹ヶ咲』のメンバーはを得る。
中須かすみ,スタートデッキ ラブライブ！虹ヶ咲学園スクールアイドル同好会,メンバー,PL!N-sd1-002-SD,手札を1枚控え室に置いてもよい：自分のデッキの上からカードを3枚見る。その中から1枚を手札に加え、残りを控え室に置く。
桜坂しずく,スタートデッキ ラブライブ！虹ヶ咲学園スクールアイドル同好会,メンバー,PL!N-sd1-003-SD,手札を1枚控え室に置いてもよい：自分のデッキの上からカードを3枚見る。その中から1枚を手札に加え、残りを控え室に置く。
朝香果林,スタートデッキ ラブライブ！虹ヶ咲学園スクールアイドル同好会,メンバー,PL!N-sd1-004-SD,手札を1枚控え室に置いてもよい：ライブ終了時まで、を得る。
宮下 愛,スタートデッキ ラブライブ！虹ヶ咲学園スクールアイドル同好会,メンバー,PL!N-sd1-005-SD,手札を2枚控え室に置く：自分の控え室から『虹ヶ咲』のメンバーカードを1枚手札に加える。
近江彼方,スタートデッキ ラブライブ！虹ヶ咲学園スクールアイドル同好会,メンバー,PL!N-sd1-006-SD,このメンバーをステージから控え室に置く：自分の控え室からメンバーカードを1枚手札に加える。
優木せつ菜,スタートデッキ ラブライブ！虹ヶ咲学園スクールアイドル同好会,メンバー,PL!N-sd1-007-SD,手札を2枚控え室に置く：自分の控え室から『虹ヶ咲』のライブカードを1枚手札に加える。
エマ・ヴェルデ,スタートデッキ ラブライブ！虹ヶ咲学園スクールアイドル同好会,メンバー,PL!N-sd1-008-SD,エネルギーを2枚アクティブにする。
天王寺璃奈,スタートデッキ ラブライブ！虹ヶ咲学園スクールアイドル同好会,メンバー,PL!N-sd1-009-SD,手札を1枚控え室に置く：自分の控え室から『虹ヶ咲』のライブカードを1枚手札に加える。
三船栞子,スタートデッキ ラブライブ！虹ヶ咲学園スクールアイドル同好会,メンバー,PL!N-sd1-010-SD,カードを2枚引き、手札を1枚控え室に置く。\n支払ってもよい：ライブ終了時まで、を得る。
ミア・テイラー,スタートデッキ ラブライブ！虹ヶ咲学園スクールアイドル同好会,メンバー,PL!N-sd1-011-SD,このメンバーをステージから控え室に置く：自分の控え室からライブカードを1枚手札に加える。
鐘 嵐珠,スタートデッキ ラブライブ！虹ヶ咲学園スクールアイドル同好会,メンバー,PL!N-sd1-012-SD,効果なし
上原歩夢,スタートデッキ ラブライブ！虹ヶ咲学園スクールアイドル同好会,メンバー,PL!N-sd1-013-SD,カードを1枚引き、手札を1枚控え室に置く。
中須かすみ,スタートデッキ ラブライブ！虹ヶ咲学園スクールアイドル同好会,メンバー,PL!N-sd1-014-SD,効果なし
桜坂しずく,スタートデッキ ラブライブ！虹ヶ咲学園スクールアイドル同好会,メンバー,PL!N-sd1-015-SD,効果なし
朝香果林,スタートデッキ ラブライブ！虹ヶ咲学園スクールアイドル同好会,メンバー,PL!N-sd1-016-SD,効果なし
宮下 愛,スタートデッキ ラブライブ！虹ヶ咲学園スクールアイドル同好会,メンバー,PL!N-sd1-017-SD,効果なし
近江彼方,スタートデッキ ラブライブ！虹ヶ咲学園スクールアイドル同好会,メンバー,PL!N-sd1-018-SD,効果なし
優木せつ菜,スタートデッキ ラブライブ！虹ヶ咲学園スクールアイドル同好会,メンバー,PL!N-sd1-019-SD,効果なし
エマ・ヴェルデ,スタートデッキ ラブライブ！虹ヶ咲学園スクールアイドル同好会,メンバー,PL!N-sd1-020-SD,効果なし
天王寺璃奈,スタートデッキ ラブライブ！虹ヶ咲学園スクールアイドル同好会,メンバー,PL!N-sd1-021-SD,カードを1枚引き、手札を1枚控え室に置く。
三船栞子,スタートデッキ ラブライブ！虹ヶ咲学園スクールアイドル同好会,メンバー,PL!N-sd1-022-SD,カードを1枚引き、手札を1枚控え室に置く。
ミア・テイラー,スタートデッキ ラブライブ！虹ヶ咲学園スクールアイドル同好会,メンバー,PL!N-sd1-023-SD,効果なし
鐘 嵐珠,スタートデッキ ラブライブ！虹ヶ咲学園スクールアイドル同好会,メンバー,PL!N-sd1-024-SD,効果なし
Colorful Dreams! Colorful Smiles!,スタートデッキ ラブライブ！虹ヶ咲学園スクールアイドル同好会,ライブ,PL!N-sd1-025-SD,(エールで出た1つにつき、成功したライブのスコアの合計に1を加算する。)
夢が僕らの太陽さ,スタートデッキ ラブライブ！虹ヶ咲学園スクールアイドル同好会,ライブ,PL!N-sd1-026-SD,(必要ハートを確認する時、エールで出たは任意の色のハートとして扱う。)
Just Believe!!!,スタートデッキ ラブライブ！虹ヶ咲学園スクールアイドル同好会,ライブ,PL!N-sd1-027-SD,(必要ハートを確認する時、エールで出たは任意の色のハートとして扱う。)
Dream with You,スタートデッキ ラブライブ！虹ヶ咲学園スクールアイドル同好会,ライブ,PL!N-sd1-028-SD,自分のステージにいるメンバーが持つの合計が10以上の場合、このカードのスコアを＋１する。\n(エールをすべて行った後、エールで出た1つにつき、カードを1枚引く。)
上原歩夢,スタートデッキ ラブライブ！虹ヶ咲学園スクールアイドル同好会,エネルギー,PL!N-sd1-029-P,効果なし
中須かすみ,スタートデッキ ラブライブ！虹ヶ咲学園スクールアイドル同好会,エネルギー,PL!N-sd1-030-P,効果なし
桜坂しずく,スタートデッキ ラブライブ！虹ヶ咲学園スクールアイドル同好会,エネルギー,PL!N-sd1-031-P,効果なし
朝香果林,スタートデッキ ラブライブ！虹ヶ咲学園スクールアイドル同好会,エネルギー,PL!N-sd1-032-P,効果なし
宮下 愛,スタートデッキ ラブライブ！虹ヶ咲学園スクールアイドル同好会,エネルギー,PL!N-sd1-033-P,効果なし
近江彼方,スタートデッキ ラブライブ！虹ヶ咲学園スクールアイドル同好会,エネルギー,PL!N-sd1-034-P,効果なし
優木せつ菜,スタートデッキ ラブライブ！虹ヶ咲学園スクールアイドル同好会,エネルギー,PL!N-sd1-035-P,効果なし
エマ・ヴェルデ,スタートデッキ ラブライブ！虹ヶ咲学園スクールアイドル同好会,エネルギー,PL!N-sd1-036-P,効果なし
天王寺璃奈,スタートデッキ ラブライブ！虹ヶ咲学園スクールアイドル同好会,エネルギー,PL!N-sd1-037-P,効果なし
三船栞子,スタートデッキ ラブライブ！虹ヶ咲学園スクールアイドル同好会,エネルギー,PL!N-sd1-038-P,効果なし
ミア・テイラー,スタートデッキ ラブライブ！虹ヶ咲学園スクールアイドル同好会,エネルギー,PL!N-sd1-039-P,効果なし
鐘 嵐珠,スタートデッキ ラブライブ！虹ヶ咲学園スクールアイドル同好会,エネルギー,PL!N-sd1-040-P,効果なし
澁谷かのん,ブースターパック vol.1,エネルギー,PL!SP-bp1-000-LLE,効果なし
澁谷かのん,ブースターパック vol.1,メンバー,PL!SP-bp1-001-R,自分のステージにほかのメンバーがいない場合、自分はライブできない。
澁谷かのん,ブースターパック vol.1,メンバー,PL!SP-bp1-001-P,自分のステージにほかのメンバーがいない場合、自分はライブできない。
唐 可可,ブースターパック vol.1,メンバー,PL!SP-bp1-002-R＋,支払ってもよい：ステージの左サイドエリアに登場しているなら、カードを2枚引く。
唐 可可,ブースターパック vol.1,メンバー,PL!SP-bp1-002-P,支払ってもよい：ステージの左サイドエリアに登場しているなら、カードを2枚引く。
唐 可可,ブースターパック vol.1,メンバー,PL!SP-bp1-002-P＋,支払ってもよい：ステージの左サイドエリアに登場しているなら、カードを2枚引く。
唐 可可,ブースターパック vol.1,メンバー,PL!SP-bp1-002-SEC,支払ってもよい：ステージの左サイドエリアに登場しているなら、カードを2枚引く。
嵐 千砂都,ブースターパック vol.1,メンバー,PL!SP-bp1-003-R＋,手札にあるメンバーカードを好きな枚数公開する：公開したカードのコストの合計が、10、20、30、40、50のいずれかの場合、ライブ終了時まで、「ライブの合計スコアを＋１する。」を得る。
嵐 千砂都,ブースターパック vol.1,メンバー,PL!SP-bp1-003-P,手札にあるメンバーカードを好きな枚数公開する：公開したカードのコストの合計が、10、20、30、40、50のいずれかの場合、ライブ終了時まで、「ライブの合計スコアを＋１する。」を得る。
嵐 千砂都,ブースターパック vol.1,メンバー,PL!SP-bp1-003-P＋,手札にあるメンバーカードを好きな枚数公開する：公開したカードのコストの合計が、10、20、30、40、50のいずれかの場合、ライブ終了時まで、「ライブの合計スコアを＋１する。」を得る。
嵐 千砂都,ブースターパック vol.1,メンバー,PL!SP-bp1-003-SEC,手札にあるメンバーカードを好きな枚数公開する：公開したカードのコストの合計が、10、20、30、40、50のいずれかの場合、ライブ終了時まで、「ライブの合計スコアを＋１する。」を得る。
平安名すみれ,ブースターパック vol.1,メンバー,PL!SP-bp1-004-R,ステージのセンターエリアにいる場合、を得る。
平安名すみれ,ブースターパック vol.1,メンバー,PL!SP-bp1-004-P,ステージのセンターエリアにいる場合、を得る。
葉月 恋,ブースターパック vol.1,メンバー,PL!SP-bp1-005-R,手札を1枚控え室に置いてもよい：自分のデッキの上からカードを5枚見る。その中から『Liella!』のカードを1枚まで公開して手札に加えてもよい。残りを控え室に置く。
葉月 恋,ブースターパック vol.1,メンバー,PL!SP-bp1-005-P,手札を1枚控え室に置いてもよい：自分のデッキの上からカードを5枚見る。その中から『Liella!』のカードを1枚まで公開して手札に加えてもよい。残りを控え室に置く。
桜小路きな子,ブースターパック vol.1,メンバー,PL!SP-bp1-006-R,支払ってもよい：ライブ終了時まで、を得る。
桜小路きな子,ブースターパック vol.1,メンバー,PL!SP-bp1-006-P,支払ってもよい：ライブ終了時まで、を得る。
米女メイ,ブースターパック vol.1,メンバー,PL!SP-bp1-007-R＋,自分のエネルギーが11枚以上ある場合、自分の控え室からライブカードを1枚手札に加える。
米女メイ,ブースターパック vol.1,メンバー,PL!SP-bp1-007-P,自分のエネルギーが11枚以上ある場合、自分の控え室からライブカードを1枚手札に加える。
米女メイ,ブースターパック vol.1,メンバー,PL!SP-bp1-007-P＋,自分のエネルギーが11枚以上ある場合、自分の控え室からライブカードを1枚手札に加える。
米女メイ,ブースターパック vol.1,メンバー,PL!SP-bp1-007-SEC,自分のエネルギーが11枚以上ある場合、自分の控え室からライブカードを1枚手札に加える。
若菜四季,ブースターパック vol.1,メンバー,PL!SP-bp1-008-R,カードを1枚引く。自分のステージに「米女メイ」がいる場合、さらにカードを1枚引く。
若菜四季,ブースターパック vol.1,メンバー,PL!SP-bp1-008-P,カードを1枚引く。自分のステージに「米女メイ」がいる場合、さらにカードを1枚引く。
鬼塚夏美,ブースターパック vol.1,メンバー,PL!SP-bp1-009-R,：カードを1枚引き、手札を1枚控え室に置く。
鬼塚夏美,ブースターパック vol.1,メンバー,PL!SP-bp1-009-P,：カードを1枚引き、手札を1枚控え室に置く。
ウィーン・マルガレーテ,ブースターパック vol.1,メンバー,PL!SP-bp1-010-R,手札を1枚控え室に置く：自分のデッキの上からカードを5枚見る。その中から『Liella!』のカードを1枚公開して手札に加えてもよい。残りを控え室に置く。
ウィーン・マルガレーテ,ブースターパック vol.1,メンバー,PL!SP-bp1-010-P,手札を1枚控え室に置く：自分のデッキの上からカードを5枚見る。その中から『Liella!』のカードを1枚公開して手札に加えてもよい。残りを控え室に置く。
鬼塚冬毬,ブースターパック vol.1,メンバー,PL!SP-bp1-011-R,このメンバーをステージから控え室に置く：自分の控え室からライブカードを1枚手札に加える。
鬼塚冬毬,ブースターパック vol.1,メンバー,PL!SP-bp1-011-P,このメンバーをステージから控え室に置く：自分の控え室からライブカードを1枚手札に加える。
澁谷かのん,ブースターパック vol.1,メンバー,PL!SP-bp1-012-N,支払ってもよい：自分のデッキの上からカードを3枚見る。その中から1枚を手札に加え、残りを控え室に置く。
唐 可可,ブースターパック vol.1,メンバー,PL!SP-bp1-013-N,効果なし
唐 可可,PRカード,メンバー,PL!SP-bp1-013-PR,効果なし
嵐 千砂都,ブースターパック vol.1,メンバー,PL!SP-bp1-014-N,効果なし
平安名すみれ,ブースターパック vol.1,メンバー,PL!SP-bp1-015-N,効果なし
葉月 恋,ブースターパック vol.1,メンバー,PL!SP-bp1-016-N,効果なし
桜小路きな子,ブースターパック vol.1,メンバー,PL!SP-bp1-017-N,効果なし
米女メイ,ブースターパック vol.1,メンバー,PL!SP-bp1-018-N,効果なし
若菜四季,ブースターパック vol.1,メンバー,PL!SP-bp1-019-N,効果なし
鬼塚夏美,ブースターパック vol.1,メンバー,PL!SP-bp1-020-N,効果なし
ウィーン・マルガレーテ,ブースターパック vol.1,メンバー,PL!SP-bp1-021-N,手札を1枚控え室に置いてもよい：自分のエネルギーデッキから、エネルギーカードを1枚ウェイト状態で置く。
鬼塚冬毬,ブースターパック vol.1,メンバー,PL!SP-bp1-022-N,効果なし
START!! True dreams,ブースターパック vol.1,ライブ,PL!SP-bp1-023-L,ライブの合計スコアが相手より高い場合、自分のエネルギーデッキから、エネルギーカードを1枚ウェイト状態で置く。\n(エールで出た1つにつき、成功したライブのスコアの合計に1を加算する。)
Tiny Stars,ブースターパック vol.1,ライブ,PL!SP-bp1-024-L,ライブ終了時まで、自分のステージにいる「澁谷かのん」1人はを、「唐 可可」1人はを得る。\n自分のステージに「澁谷かのん」と「唐 可可」がいる場合、カードを1枚引く。\n(必要ハートを確認する時、エールで出たは任意の色のハートとして扱う。)
Starlight Prologue,ブースターパック vol.1,ライブ,PL!SP-bp1-025-L,(必要ハートを確認する時、エールで出たは任意の色のハートとして扱う。)
未来予報ハレルヤ！,ブースターパック vol.1,ライブ,PL!SP-bp1-026-L,自分の、ステージと控え室に名前の異なる『Liella!』のメンバーが5人以上いる場合、このカードを使用するためのコストはになる。\n(必要ハートを確認する時、エールで出たは任意の色のハートとして扱う。)
Sing！Shine！Smile！,ブースターパック vol.1,ライブ,PL!SP-bp1-027-L,自分のエネルギーが12枚以上ある場合、このカードのスコアを＋１する。\n(エールをすべて行った後、エールで出た1つにつき、カードを1枚引く。)
唐 可可,ブースターパック vol.1,エネルギー,PL!SP-bp1-028-SECE,効果なし
嵐 千砂都,ブースターパック vol.1,エネルギー,PL!SP-bp1-029-SECE,効果なし
米女メイ,ブースターパック vol.1,エネルギー,PL!SP-bp1-030-SECE,効果なし
SHIBUYA KANON,ブースターパック vol.1,エネルギー,PL!SP-bp1-031-PE,効果なし
SHIBUYA KANON,ブースターパック vol.1,エネルギー,PL!SP-bp1-031-PE＋,効果なし
ARASHI CHISATO,ブースターパック vol.1,エネルギー,PL!SP-bp1-032-PE,効果なし
ARASHI CHISATO,ブースターパック vol.1,エネルギー,PL!SP-bp1-032-PE＋,効果なし
HAZUKI REN,ブースターパック vol.1,エネルギー,PL!SP-bp1-033-PE,効果なし
HAZUKI REN,ブースターパック vol.1,エネルギー,PL!SP-bp1-033-PE＋,効果なし
SAKURAKOJI KINAKO,ブースターパック vol.1,エネルギー,PL!SP-bp1-034-PE,効果なし
SAKURAKOJIKINAKO,ブースターパック vol.1,エネルギー,PL!SP-bp1-034-PE＋,効果なし
ONITSUKA NATSUMI,ブースターパック vol.1,エネルギー,PL!SP-bp1-035-PE,効果なし
ONITSUKA NATSUMI,ブースターパック vol.1,エネルギー,PL!SP-bp1-035-PE＋,効果なし
,PRカード,エネルギー,PL!SP-PR-001-PR,効果なし
,PRカード,エネルギー,PL!SP-PR-002-PR,効果なし
澁谷かのん,PRカード,メンバー,PL!SP-PR-003-PR,自分のエネルギーが7枚以上ある場合、カードを1枚引く。
唐 可可,PRカード,メンバー,PL!SP-PR-004-PR,手札を1枚控え室に置いてもよい：自分のエネルギーデッキから、エネルギーカードを1枚ウェイト状態で置く。
嵐 千砂都,PRカード,メンバー,PL!SP-PR-005-PR,効果なし
平安名すみれ,PRカード,メンバー,PL!SP-PR-006-PR,手札を1枚控え室に置いてもよい：自分のエネルギーデッキから、エネルギーカードを1枚ウェイト状態で置く。
葉月 恋,PRカード,メンバー,PL!SP-PR-007-PR,自分のエネルギーが7枚以上ある場合、カードを1枚引く。
桜小路きな子,PRカード,メンバー,PL!SP-PR-008-PR,効果なし
米女メイ,PRカード,メンバー,PL!SP-PR-009-PR,手札を1枚控え室に置いてもよい：ライブ終了時まで、を得る。これによりライブカードを控え室に置いた場合、さらにカードを1枚引く。
若菜四季,PRカード,メンバー,PL!SP-PR-010-PR,自分のエネルギーが7枚以上ある場合、カードを1枚引く。
鬼塚夏美,PRカード,メンバー,PL!SP-PR-011-PR,手札を1枚控え室に置いてもよい：ライブ終了時まで、を得る。これによりライブカードを控え室に置いた場合、さらにカードを1枚引く。
ウィーン・マルガレーテ,PRカード,メンバー,PL!SP-PR-012-PR,手札を1枚控え室に置いてもよい：ライブ終了時まで、を得る。これによりライブカードを控え室に置いた場合、さらにカードを1枚引く。
鬼塚冬毬,PRカード,メンバー,PL!SP-PR-013-PR,手札を1枚控え室に置いてもよい：自分のエネルギーデッキから、エネルギーカードを1枚ウェイト状態で置く。
澁谷かのん,PRカード,エネルギー,PL!SP-PR-014-PR＋,効果なし
エネルギー(無地),PRカード,エネルギー,LL-E-002-PR,効果なし
日野下花帆,ブースターパック vol.1,エネルギー,PL!HS-bp1-000-LLE,効果なし
日野下花帆,ブースターパック vol.1,メンバー,PL!HS-bp1-001-R,エネルギーを2枚アクティブにする。
日野下花帆,ブースターパック vol.1,メンバー,PL!HS-bp1-001-P,エネルギーを2枚アクティブにする。
村野さやか,ブースターパック vol.1,メンバー,PL!HS-bp1-002-R,、このメンバーをステージから控え室に置く：自分の控え室からコスト15以下の『蓮ノ空』のメンバーカードを1枚、このメンバーがいたエリアに登場させる。
村野さやか,ブースターパック vol.1,メンバー,PL!HS-bp1-002-P,、このメンバーをステージから控え室に置く：自分の控え室からコスト15以下の『蓮ノ空』のメンバーカードを1枚、このメンバーがいたエリアに登場させる。
乙宗 梢,ブースターパック vol.1,メンバー,PL!HS-bp1-003-R＋,自分のステージのエリアすべてに『蓮ノ空』のメンバーが登場しており、かつ名前が異なる場合、「ライブの合計スコアを＋１する。」を得る。\n：自分の控え室から4コスト以下の『蓮ノ空』のメンバーカードを1枚手札に加える。
乙宗 梢,ブースターパック vol.1,メンバー,PL!HS-bp1-003-P,自分のステージのエリアすべてに『蓮ノ空』のメンバーが登場しており、かつ名前が異なる場合、「ライブの合計スコアを＋１する。」を得る。\n：自分の控え室から4コスト以下の『蓮ノ空』のメンバーカードを1枚手札に加える。
乙宗 梢,ブースターパック vol.1,メンバー,PL!HS-bp1-003-P＋,自分のステージのエリアすべてに『蓮ノ空』のメンバーが登場しており、かつ名前が異なる場合、「ライブの合計スコアを＋１する。」を得る。\n：自分の控え室から4コスト以下の『蓮ノ空』のメンバーカードを1枚手札に加える。
乙宗 梢,ブースターパック vol.1,メンバー,PL!HS-bp1-003-SEC,自分のステージのエリアすべてに『蓮ノ空』のメンバーが登場しており、かつ名前が異なる場合、「ライブの合計スコアを＋１する。」を得る。\n：自分の控え室から4コスト以下の『蓮ノ空』のメンバーカードを1枚手札に加える。
夕霧綴理,ブースターパック vol.1,メンバー,PL!HS-bp1-004-R＋,：自分の控え室から『蓮ノ空』のライブカードを1枚手札に加える。\n支払ってもよい：ライブ終了時まで、自分のライブ中のカード1枚につき、を得る。
夕霧綴理,ブースターパック vol.1,メンバー,PL!HS-bp1-004-P,：自分の控え室から『蓮ノ空』のライブカードを1枚手札に加える。\n支払ってもよい：ライブ終了時まで、自分のライブ中のカード1枚につき、を得る。
夕霧綴理,ブースターパック vol.1,メンバー,PL!HS-bp1-004-P＋,：自分の控え室から『蓮ノ空』のライブカードを1枚手札に加える。\n支払ってもよい：ライブ終了時まで、自分のライブ中のカード1枚につき、を得る。
夕霧綴理,ブースターパック vol.1,メンバー,PL!HS-bp1-004-SEC,：自分の控え室から『蓮ノ空』のライブカードを1枚手札に加える。\n支払ってもよい：ライブ終了時まで、自分のライブ中のカード1枚につき、を得る。
大沢瑠璃乃,ブースターパック vol.1,メンバー,PL!HS-bp1-005-R,手札を3枚まで控え室に置いてもよい：これにより置いた枚数分カードを引く。
大沢瑠璃乃,ブースターパック vol.1,メンバー,PL!HS-bp1-005-P,手札を3枚まで控え室に置いてもよい：これにより置いた枚数分カードを引く。
藤島 慈,ブースターパック vol.1,メンバー,PL!HS-bp1-006-R＋,カードを2枚引き、手札を1枚控え室に置く。\n手札を1枚控え室に置いてもよい：自分のステージにほかのメンバーがいる場合、好きなハートの色を1つ指定する。ライブ終了時まで、そのハートを1つ得る。
藤島 慈,ブースターパック vol.1,メンバー,PL!HS-bp1-006-P,カードを2枚引き、手札を1枚控え室に置く。\n手札を1枚控え室に置いてもよい：自分のステージにほかのメンバーがいる場合、好きなハートの色を1つ指定する。ライブ終了時まで、そのハートを1つ得る。
藤島 慈,ブースターパック vol.1,メンバー,PL!HS-bp1-006-P＋,カードを2枚引き、手札を1枚控え室に置く。\n手札を1枚控え室に置いてもよい：自分のステージにほかのメンバーがいる場合、好きなハートの色を1つ指定する。ライブ終了時まで、そのハートを1つ得る。
藤島 慈,ブースターパック vol.1,メンバー,PL!HS-bp1-006-SEC,カードを2枚引き、手札を1枚控え室に置く。\n手札を1枚控え室に置いてもよい：自分のステージにほかのメンバーがいる場合、好きなハートの色を1つ指定する。ライブ終了時まで、そのハートを1つ得る。
百生 吟子,ブースターパック vol.1,メンバー,PL!HS-bp1-007-R,：カードを1枚引く。
百生 吟子,ブースターパック vol.1,メンバー,PL!HS-bp1-007-P,：カードを1枚引く。
徒町 小鈴,ブースターパック vol.1,メンバー,PL!HS-bp1-008-R,自分のデッキの上からカードを3枚控え室に置く。それらがすべてメンバーカードの場合、カードを1枚引く。
徒町 小鈴,ブースターパック vol.1,メンバー,PL!HS-bp1-008-P,自分のデッキの上からカードを3枚控え室に置く。それらがすべてメンバーカードの場合、カードを1枚引く。
安養寺 姫芽,ブースターパック vol.1,メンバー,PL!HS-bp1-009-R,手札を1枚控え室に置いてもよい：自分のデッキの上からカードを5枚見る。その中から『みらくらぱーく！』のカードを1枚公開して手札に加えてもよい。残りを控え室に置く。
安養寺 姫芽,ブースターパック vol.1,メンバー,PL!HS-bp1-009-P,手札を1枚控え室に置いてもよい：自分のデッキの上からカードを5枚見る。その中から『みらくらぱーく！』のカードを1枚公開して手札に加えてもよい。残りを控え室に置く。
日野下花帆,ブースターパック vol.1,メンバー,PL!HS-bp1-010-N,カードを1枚引き、手札を1枚控え室に置く。
村野さやか,ブースターパック vol.1,メンバー,PL!HS-bp1-011-N,手札を1枚控え室に置いてもよい：自分のデッキの上からカードを5枚見る。その中からライブカードを1枚公開して手札に加えてもよい。残りを控え室に置く。
乙宗 梢,ブースターパック vol.1,メンバー,PL!HS-bp1-012-N,効果なし
乙宗 梢,PRカード,メンバー,PL!HS-bp1-012-PR,効果なし
夕霧綴理,ブースターパック vol.1,メンバー,PL!HS-bp1-013-N,効果なし
大沢瑠璃乃,ブースターパック vol.1,メンバー,PL!HS-bp1-014-N,カードを1枚引き、手札を1枚控え室に置く。
藤島 慈,ブースターパック vol.1,メンバー,PL!HS-bp1-015-N,効果なし
百生 吟子,ブースターパック vol.1,メンバー,PL!HS-bp1-016-N,効果なし
徒町 小鈴,ブースターパック vol.1,メンバー,PL!HS-bp1-017-N,効果なし
安養寺 姫芽,ブースターパック vol.1,メンバー,PL!HS-bp1-018-N,効果なし
Dream Believers,ブースターパック vol.1,ライブ,PL!HS-bp1-019-L,(エールで出た1つにつき、成功したライブのスコアの合計に1を加算する。)
365 Days,ブースターパック vol.1,ライブ,PL!HS-bp1-020-L,(必要ハートを確認する時、エールで出たは任意の色のハートとして扱う。)
Holiday∞Holiday,ブースターパック vol.1,ライブ,PL!HS-bp1-021-L,エールにより公開された自分のカードの中から、『蓮ノ空』のライブカードを1枚手札に加える。\n(必要ハートを確認する時、エールで出たは任意の色のハートとして扱う。)
AWOKE,ブースターパック vol.1,ライブ,PL!HS-bp1-022-L,エールにより公開された自分のカードの中に『蓮ノ空』のメンバーカードが10枚以上ある場合、このカードのスコアを＋１する。\n(エールをすべて行った後、エールで出た1つにつき、カードを1枚引く。)
ド！ド！ド！,ブースターパック vol.1,ライブ,PL!HS-bp1-023-L,ライブの合計スコアが相手より高く、かつ自分のステージに『蓮ノ空』のメンバーがいる場合、自分のエネルギーデッキから、エネルギーカードを1枚ウェイト状態で置く。\n(必要ハートを確認する時、エールで出たは任意の色のハートとして扱う。)
乙宗 梢,ブースターパック vol.1,エネルギー,PL!HS-bp1-024-SECE,効果なし
夕霧綴理,ブースターパック vol.1,エネルギー,PL!HS-bp1-025-SECE,効果なし
藤島 慈,ブースターパック vol.1,エネルギー,PL!HS-bp1-026-SECE,効果なし
HINOSHITA KAHO,ブースターパック vol.1,エネルギー,PL!HS-bp1-027-PE,効果なし
HINOSHITA KAHO,ブースターパック vol.1,エネルギー,PL!HS-bp1-027-PE＋,効果なし
OTOMUNE KOZUE,ブースターパック vol.1,エネルギー,PL!HS-bp1-028-PE,効果なし
OTOMUNE KOZUE,ブースターパック vol.1,エネルギー,PL!HS-bp1-028-PE＋,効果なし
YUGIRI TSUZURI,ブースターパック vol.1,エネルギー,PL!HS-bp1-029-PE,効果なし
YUGIRI TSUZURI,ブースターパック vol.1,エネルギー,PL!HS-bp1-029-PE＋,効果なし
FUJISHIMA MEGUMI,ブースターパック vol.1,エネルギー,PL!HS-bp1-030-PE,効果なし
FUJISHIMA MEGUMI,ブースターパック vol.1,エネルギー,PL!HS-bp1-030-PE＋,効果なし
ANYOJI HIME,ブースターパック vol.1,エネルギー,PL!HS-bp1-031-PE,効果なし
ANYOJI HIME,ブースターパック vol.1,エネルギー,PL!HS-bp1-031-PE＋,効果なし
村野さやか,PRカード,メンバー,PL!HS-bp2-011-PR,デッキの上からカードを5枚控え室に置く。
日野下花帆,PRカード,メンバー,PL!HS-PR-001-PR,手札を1枚控え室に置いてもよい：自分のデッキの上からカードを3枚見る。その中から1枚を手札に加え、残りを控え室に置く。\n支払ってもよい：ライブ終了時まで、を得る。
村野さやか,PRカード,メンバー,PL!HS-PR-002-PR,手札を1枚控え室に置いてもよい：自分のデッキの上からカードを3枚見る。その中から1枚を手札に加え、残りを控え室に置く。\n支払ってもよい：ライブ終了時まで、を得る。
乙宗 梢,PRカード,メンバー,PL!HS-PR-003-PR,効果なし
夕霧綴理,PRカード,メンバー,PL!HS-PR-004-PR,効果なし
大沢瑠璃乃,PRカード,メンバー,PL!HS-PR-005-PR,手札を1枚控え室に置いてもよい：自分のデッキの上からカードを3枚見る。その中から1枚を手札に加え、残りを控え室に置く。\n支払ってもよい：ライブ終了時まで、を得る。
藤島 慈,PRカード,メンバー,PL!HS-PR-006-PR,効果なし
百生 吟子,PRカード,メンバー,PL!HS-PR-007-PR,効果なし
徒町 小鈴,PRカード,メンバー,PL!HS-PR-008-PR,効果なし
安養寺 姫芽,PRカード,メンバー,PL!HS-PR-009-PR,効果なし
Reflection in the mirror,PRカード,ライブ,PL!HS-PR-010-PR,(必要ハートを確認する時、エールで出たは任意の色のハートとして扱う。)
Sparkly Spot,PRカード,ライブ,PL!HS-PR-011-PR,(必要ハートを確認する時、エールで出たは任意の色のハートとして扱う。)
アイデンティティ,PRカード,ライブ,PL!HS-PR-012-PR,(必要ハートを確認する時、エールで出たは任意の色のハートとして扱う。)
,PRカード,エネルギー,PL!HS-PR-013-PR,効果なし
日野下花帆,PRカード,メンバー,PL!HS-PR-014-PR,このメンバーをステージから控え室に置く：自分の控え室からメンバーカードを1枚手札に加える。
,PRカード,エネルギー,PL!HS-PR-015-PR,効果なし
PR,PRカード,エネルギー,PL!N-PR-016-PR,効果なし
エネルギー(無地),スタートデッキ ラブライブ！スーパースター!!,エネルギー,LL-E-005-SD,効果なし
澁谷かのん,スタートデッキ ラブライブ！スーパースター!!,メンバー,PL!SP-sd1-001-SD,自分のエネルギー6枚につき、カードを1枚引く。
唐 可可,スタートデッキ ラブライブ！スーパースター!!,メンバー,PL!SP-sd1-002-SD,手札からコスト4以下の『Liella!』のメンバーカードを1枚ステージに登場させてもよい。\n（この効果で既にメンバーがいるエリアにも登場できる。ただし、このターンにステージに登場したメンバーがいるエリアには登場できない。）
嵐 千砂都,スタートデッキ ラブライブ！スーパースター!!,メンバー,PL!SP-sd1-003-SD,手札を2枚控え室に置いてもよい：ライブ終了時まで、を得る。
平安名すみれ,スタートデッキ ラブライブ！スーパースター!!,メンバー,PL!SP-sd1-004-SD,ライブ終了時まで、「ライブの合計スコアを＋１する。」を得る。
葉月 恋,スタートデッキ ラブライブ！スーパースター!!,メンバー,PL!SP-sd1-005-SD,：自分の控え室からライブカードを1枚手札に加える。
桜小路きな子,スタートデッキ ラブライブ！スーパースター!!,メンバー,PL!SP-sd1-006-SD,このメンバーをステージから控え室に置く：自分の控え室からライブカードを1枚手札に加える。
米女メイ,スタートデッキ ラブライブ！スーパースター!!,メンバー,PL!SP-sd1-007-SD,支払ってもよい：自分の控え室から『Liella!』のメンバーカードを1枚手札に加える。
若菜四季,スタートデッキ ラブライブ！スーパースター!!,メンバー,PL!SP-sd1-008-SD,支払ってもよい：自分のデッキの上からカードを3枚見る。その中から1枚を手札に加え、残りを控え室に置く。
鬼塚夏美,スタートデッキ ラブライブ！スーパースター!!,メンバー,PL!SP-sd1-009-SD,支払ってもよい：自分のエネルギーが9枚以上ある場合、自分のデッキの上からカードを5枚見る。その中から1枚を手札に加え、残りを控え室に置く。
ウィーン・マルガレーテ,スタートデッキ ラブライブ！スーパースター!!,メンバー,PL!SP-sd1-010-SD,効果なし
鬼塚冬毬,スタートデッキ ラブライブ！スーパースター!!,メンバー,PL!SP-sd1-011-SD,：自分のエネルギーデッキから、エネルギーカードを1枚ウェイト状態で置く。
澁谷かのん,スタートデッキ ラブライブ！スーパースター!!,メンバー,PL!SP-sd1-012-SD,効果なし
唐 可可,スタートデッキ ラブライブ！スーパースター!!,メンバー,PL!SP-sd1-013-SD,効果なし
嵐 千砂都,スタートデッキ ラブライブ！スーパースター!!,メンバー,PL!SP-sd1-014-SD,手札を1枚控え室に置いてもよい：自分のエネルギーデッキから、エネルギーカードを1枚ウェイト状態で置く。
平安名すみれ,スタートデッキ ラブライブ！スーパースター!!,メンバー,PL!SP-sd1-015-SD,効果なし
葉月 恋,スタートデッキ ラブライブ！スーパースター!!,メンバー,PL!SP-sd1-016-SD,手札を1枚控え室に置いてもよい：自分のエネルギーデッキから、エネルギーカードを1枚ウェイト状態で置く。
桜小路きな子,スタートデッキ ラブライブ！スーパースター!!,メンバー,PL!SP-sd1-017-SD,支払ってもよい：自分のデッキの上からカードを3枚見る。その中から1枚を手札に加え、残りを控え室に置く。
米女メイ,スタートデッキ ラブライブ！スーパースター!!,メンバー,PL!SP-sd1-018-SD,効果なし
若菜四季,スタートデッキ ラブライブ！スーパースター!!,メンバー,PL!SP-sd1-019-SD,効果なし
鬼塚夏美,スタートデッキ ラブライブ！スーパースター!!,メンバー,PL!SP-sd1-020-SD,効果なし
ウィーン・マルガレーテ,スタートデッキ ラブライブ！スーパースター!!,メンバー,PL!SP-sd1-021-SD,効果なし
鬼塚冬毬,スタートデッキ ラブライブ！スーパースター!!,メンバー,PL!SP-sd1-022-SD,効果なし
WE WILL!!,スタートデッキ ラブライブ！スーパースター!!,ライブ,PL!SP-sd1-023-SD,(エールで出た1つにつき、成功したライブのスコアの合計に1を加算する。)
シェキラ☆☆☆,スタートデッキ ラブライブ！スーパースター!!,ライブ,PL!SP-sd1-024-SD,(必要ハートを確認する時、エールで出たは任意の色のハートとして扱う。)
未来は風のように,スタートデッキ ラブライブ！スーパースター!!,ライブ,PL!SP-sd1-025-SD,(必要ハートを確認する時、エールで出たは任意の色のハートとして扱う。)
私のSymphony 〜澁谷かのんVer.〜,スタートデッキ ラブライブ！スーパースター!!,ライブ,PL!SP-sd1-026-SD,自分のエネルギーが9枚以上ある場合、このカードのスコアを＋１する。\n(エールをすべて行った後、エールで出た1つにつき、カードを1枚引く。)
澁谷かのん,スタートデッキ ラブライブ！スーパースター!!,エネルギー,PL!SP-sd1-027-P,効果なし
唐 可可,スタートデッキ ラブライブ！スーパースター!!,エネルギー,PL!SP-sd1-028-P,効果なし
嵐 千砂都,スタートデッキ ラブライブ！スーパースター!!,エネルギー,PL!SP-sd1-029-P,効果なし
平安名すみれ,スタートデッキ ラブライブ！スーパースター!!,エネルギー,PL!SP-sd1-030-P,効果なし
葉月 恋,スタートデッキ ラブライブ！スーパースター!!,エネルギー,PL!SP-sd1-031-P,効果なし
桜小路きな子,スタートデッキ ラブライブ！スーパースター!!,エネルギー,PL!SP-sd1-032-P,効果なし
米女メイ,スタートデッキ ラブライブ！スーパースター!!,エネルギー,PL!SP-sd1-033-P,効果なし
若菜四季,スタートデッキ ラブライブ！スーパースター!!,エネルギー,PL!SP-sd1-034-P,効果なし
鬼塚夏美,スタートデッキ ラブライブ！スーパースター!!,エネルギー,PL!SP-sd1-035-P,効果なし
ウィーン・マルガレーテ,スタートデッキ ラブライブ！スーパースター!!,エネルギー,PL!SP-sd1-036-P,効果なし
鬼塚冬毬,スタートデッキ ラブライブ！スーパースター!!,エネルギー,PL!SP-sd1-037-P,効果なし